event_name_date_calc,Event_ID,lastCommCode,lastCommGroup
CARL026 - 2013,{596B3551-8CC4-4B2F-995B-C59EEC49D083},CEGL007230,G165
COWP013 - 2017,{383D057C-AFA1-4A72-9291-024513FA74AA},CEGL006327,G030
COWP013 - 2012,{192D8F0B-0098-4B89-A511-8879AB812F59},CEGL006327,G030
RUCA001 - 2011,{BCD3BC72-D0CF-4838-A987-587B6F1CD07A},CEGL002070,G601
RUCA001 - 2016,{1AF80B35-EF9F-49D7-828A-17C837617936},CEGL002070,G601
KIMO016 - 2012,{C1E30CE7-6C76-4AC8-B252-2FCDCB3A17D4},CEGL004418,G034
KIMO016 - 2017,{030FBECA-BEFD-4D29-B972-DA9F32E0A986},CEGL004418,G034
LOOK004 - 2011,{8146BADB-7DE8-46E7-A709-CE6AB5FEA6DC},CEGL007700,G159
LOOK004 - 2016,{403C3D38-2ECD-4C71-97F9-C348AF5191AA},CEGL007700,G159
STRI020 - 2016,{46254450-BF65-40F8-BED8-3F17B394668A},CEGL007808,G601
STRI020 - 2011,{4BF1D04A-452E-4495-BA3F-C63A9EF0372C},CEGL007808,G601
LOOK011 - 2013,{8EC0DEC5-D0DC-4A38-A309-48B035F5CBB6},CEGL007231,G159
CHIC007 - 2012,{557397DC-82A4-4B13-AC23-745912A25B83},CEGL007247,G159
CHIC007 - 2017,{517A0FA5-CC88-41E6-B53C-450AAF0CD932},CEGL007247,G159
CHIC007Q - 2012,{0DAFCC1F-3547-4871-BBD0-478A6922DEA6},CEGL007247,G159
CUGA016 - 2012,{1902E728-86BD-4A84-9AA8-89F328C08467},CEGL007692,G165
CUGA016 - 2017,{A84DFE88-DA37-4A3C-8E6D-041BEDC78381},CEGL007692,G165
CUGA029 - 2014,{F9942E50-349D-4169-BEAA-1C8AD4C78B30},CEGL007692,G165
CARL011 - 2017,{020A733C-04C1-4DC0-AAE9-11F725023F5B},CEGL007267,G015
CARL011 - 2012,{D9269BFD-73F6-4BDF-A1EB-0B57758CF5AF},CEGL007267,G015
KNOB027 - 2014,{DA2AD376-D64D-4B6D-B90B-794F72A13316},CEGL002591,G030
GUCO024 - 2017,{A9F46A70-3AD5-41DA-949D-2C4E70AAA84B},CEGL007244,G159
GUCO024 - 2012,{7B1149DB-7498-4B58-8C60-D8DEA977A601},CEGL007244,G159
GUCO027 - 2013,{2782AFD9-B272-487F-B4B1-A13D49621EB0},CEGL007221,G030
NISI023 - 2013,{89204863-1D50-4078-AEA0-91FC01078F68},CEGL007221,G030
LIRI005 - 2011,{1F3B818A-CE31-4CE1-9C6B-BB44BB8E63E5},CEGL004098,G159
LIRI005 - 2016,{9F6C9255-0B2B-4E62-8A19-D2A027F91FBF},CEGL004098,G159
MACA015 - 2017,{1267D752-8047-407C-8860-AEA976DF974E},CEGL007121,G030
MACA015 - 2012,{B1333498-DCA3-44E1-970E-4DB1F79DCB6A},CEGL007121,G030
MACA033 - 2014,{61C38108-8632-4570-874D-050EAC8D1468},CEGL008442,G601
MACA029 - 2013,{D3E55400-8CE1-4C0D-A44B-AB6C434E5212},CEGL007124,G030
NISI002 - 2011,{66E94B30-2329-42D3-804B-E89F98BC5D21},CEGL008466,G020
NISI002 - 2016,{4F4713C5-E4A5-4765-9E91-EFB7D05A89A6},CEGL008466,G020
LIRI031 - 2014,{8E5B521E-8FE3-43AF-B30C-69DE6C0E33DF},CEGL008430,G159
GUCO028 - 2013,{2DD48421-3954-4F5B-90CA-434C2282B8C8},CEGL008462,G031
BIRT011 - 2012,{306026FB-BD50-4420-B243-22D7B9D8FCAB},CEGL007220,G030
BIRT011 - 2017,{21322C68-0B27-4608-92E2-07CBAD51737F},CEGL007220,G030
HEIM002 - 2011,{DCE8ECE7-CCB7-465A-BB1C-4B63DE85DA87},CEGL007246,G165
HEIM002 - 2016,{9388A5E3-5951-4B7E-A081-0E3581AC12B6},CEGL007246,G165
SHIL012 - 2011,{22D057CB-F9A6-45D4-8A49-603E26A55307},CEGL007244,G159
SHIL012 - 2016,{89B913F0-C4E2-4DFE-BC77-E4A32F25DD2F},CEGL007244,G159
RUCA005 - 2016,{48C9DD43-F639-4E1B-81E6-E6B35E85CC7C},CEGL008431,G015
RUCA005 - 2011,{6CEF417E-77B0-4E3B-BFBF-7D0C1E91BEFA},CEGL008431,G015
SHIL013 - 2012,{256AC452-2806-4CD8-B540-B8874A38FB1C},CEGL007795,G159
SHIL013 - 2017,{E59A2DF4-CDA2-4BE0-B504-EB840C343F86},CEGL007795,G159
KIMO020 - 2013,{18097CDD-317C-4849-AEC4-3F106D56C816},CEGL003708,G159
CHIC026 - 2015,{71AF4F89-CD6D-47E8-80E5-978D22E15FCF},CEGL007247,G159
CHIC017Q - 2014,{CAB73AD9-95E1-42F4-AC95-560CE466951C},CEGL007247,G159
CHIC017 - 2014,{47C34FC3-55A0-4E28-B53E-1461E70FC01D},CEGL007247,G159
CUGA007 - 2011,{99EBA8A9-EA9D-4130-B92F-53D08BB7EC5F},CEGL006271,G015
CUGA007 - 2016,{27496762-D228-491C-ACFA-96E58C50FFA4},CEGL006271,G015
MACA031 - 2014,{56E34B58-D573-43C9-83B6-D659A005EA0F},CEGL007795,G159
MACA031Q - 2014,{A1EABD2E-4092-4B25-9562-76E265928944},CEGL007795,G159
MACA005 - 2011,{D967ACAD-9AC5-421C-9C77-0DD0E6032036},CEGL007795,G159
MACA005 - 2016,{21C518BB-3C96-4A4A-B36C-D046188F660F},CEGL007795,G159
LIRI002 - 2016,{74EB49A1-6C25-4786-8FE4-599155A7BA0E},CEGL007500,G012
LIRI002 - 2011,{518B4302-A9B7-4EB9-BAB0-390B64E7E494},CEGL007500,G012
COWP008 - 2011,{0291F050-0151-4EC7-90DD-41C4087C0499},CEGL007244,G159
COWP008 - 2016,{BF268A3A-D4E4-4B21-8B0F-AE9CF04EA8CC},CEGL007244,G159
KIMO003 - 2016,{976EA466-658F-4AAB-A674-8DBB11A8EE6F},CEGL006281,G015
KIMO003 - 2011,{11635730-D27A-455E-8435-421FF92C89C3},CEGL006281,G015
RUCA011 - 2016,{F6C1E0C4-F1F5-4777-A024-E5A3BFB15F09},CEGL007233,G165
RUCA011 - 2011,{53922368-818A-452A-BF18-2D257A4B646D},CEGL007233,G165
LIRI028 - 2013,{EA21F8FC-5F0D-49B5-8AC5-98707BDA0BF5},CEGL004539,G020
GUCO023 - 2012,{21849A8E-65FA-4BBC-8913-504B60A671C1},CEGL002591,G030
GUCO023 - 2017,{D973EF95-2547-4CF0-8A13-A3B29DFB8E32},CEGL002591,G030
MACA048 - 2015,{B99363DD-EC9B-4AC8-A0BD-A343EF97C7BA},CEGL004133,G030
MACA024 - 2013,{011FBFBA-7F1F-4F10-B304-605C8F932BD1},CEGL007124,G030
COWP016 - 2012,{FA1F5CCC-A766-4ABA-9544-2FF0A5B43242},CEGL004418,G034
COWP016 - 2017,{8F2CD3DE-88DA-43FA-8278-9103A137CB93},CEGL004418,G034
HEIM006 - 2012,{EAA9C751-EF14-4017-8A7C-BE13FA6F4623},CEGL007881,G020
HEIM006 - 2017,{43029CE4-1408-41A0-9548-A94575369B38},CEGL007881,G020
HEIM011 - 2013,{AD5CADA9-06B6-42DB-8332-53148235EE9C},CEGL007246,G165
COWP006 - 2016,{44B7A683-D0A7-421C-A58E-A09BC05C7585},CEGL007221,G030
COWP006 - 2011,{A4852929-201E-4567-91F0-B9336A794F81},CEGL007221,G030
MACA013 - 2017,{2BA938C0-BE54-4C03-A049-05E09D962415},CEGL007795,G159
MACA013 - 2012,{BD888D4C-8186-4F0B-BB77-E7C49942DD7A},CEGL007795,G159
COWP014 - 2017,{4BE7007C-2F71-41A0-A9F5-F028D3917790},CEGL004418,G034
COWP014 - 2012,{8599CD48-3DF4-4BFF-ADA9-0703C97532BF},CEGL004418,G034
COWP014Q - 2012,{0D572C9E-1338-474B-B974-A6188C78A008},CEGL004418,G034
LOOK019 - 2014,{0550777A-621D-46FD-ABF8-09318ACB7F61},CEGL007700,G159
CARL008 - 2016,{CC8D601E-57FF-44C4-AFDA-865CB4ACD5F4},CEGL007519,G015
CARL008 - 2011,{BB69C62E-C99C-4891-A99C-843779FFBCE6},CEGL007519,G015
KIMO002 - 2016,{922C309C-C0E5-47E0-8F87-01142AD29D84},CEGL007244,G159
KIMO002 - 2011,{500CB846-DB96-4DB6-91FE-6E348FE4CF06},CEGL007244,G159
MACA051 - 2015,{700B9301-C3CA-4055-8D3C-CF975B89140B},CEGL007124,G030
KIMO018 - 2013,{77BE89F7-AE28-44D8-BC91-AB7C6243AF2C},CEGL007221,G030
NISI004 - 2016,{2119F8BC-59AC-4CA5-A4F7-DBA7871A40B8},CEGL008462,G031
NISI004 - 2011,{9B828261-53D6-4804-A7A5-3AAAC39752C8},CEGL008462,G031
KIMO001 - 2011,{34922D56-7A9E-4E43-9288-34A803E82755},CEGL007244,G159
KIMO001 - 2016,{2299F950-4848-4E62-991E-B49E658FA92F},CEGL007244,G159
LOOK014 - 2014,{18D45072-E62A-4B0A-AA7E-D7080B182A42},CEGL005033,G552
CARL002 - 2016,{CF52CD25-108C-4406-916F-4ACA5E4D1B10},CEGL006286,G015
CARL002 - 2011,{BD779E97-41CC-4D5D-8199-21312BEA49AE},CEGL006286,G015
LIRI018 - 2017,{653146DE-1F03-4021-AF30-FE9DB88AF62A},CEGL007244,G159
LIRI018 - 2012,{E2D5EE39-4630-4F9C-B30A-BC55D97F909B},CEGL007244,G159
NISI005 - 2011,{5AFA15B5-976A-4B65-853D-B9E5E34D6A6C},CEGL008462,G031
NISI005 - 2016,{C59ACE34-7E2E-4B84-8182-E2D7A62E05F5},CEGL008462,G031
DONE021 - 2014,{97A6BD8A-4909-4E09-846C-DCF8668606B3},CEGL007217,G031
MACA054 - 2015,{56CA56C8-2E5E-457F-B532-0AFD31A8F431},CEGL002591,G030
CUGA045 - 2015,{BA4D4FF5-5B32-4300-934E-958D5AB38A2C},CEGL006271,G015
CARL014 - 2017,{C21C5F2C-D386-4554-A018-C9F285DCDBA9},CEGL007230,G165
CARL014 - 2012,{51C90FDC-6B40-4FEC-95E3-C89FFE67C864},CEGL007230,G165
CUGA013 - 2017,{1C0ACA11-A5CB-4D02-A02E-E78628E6E6B3},CEGL006271,G015
CUGA013 - 2012,{C958A43B-E1B2-4692-83FB-9B88F932340E},CEGL006271,G015
MACA026 - 2013,{F96D9494-06AF-4556-8389-B5D37DA9B896},CEGL004133,G030
SHIL002 - 2011,{4F8AEF65-7F29-4DE5-A2AE-A07EC9886C24},CEGL007216,G031
SHIL002 - 2016,{086DF071-7B53-4AAC-B398-C78476AD8E48},CEGL007216,G031
LIRI033 - 2014,{693A2AEA-09E1-4441-A79B-4104BB3688C5},CEGL007493,G012
MACA004 - 2011,{8ECB838E-9C3A-44AC-900B-7CB76403FBA9},CEGL004133,G030
MACA004 - 2016,{3CA90772-9004-4DD2-BAC8-DC424F1AEDAD},CEGL004133,G030
SHIL032 - 2013,{2B733CA6-5976-4CDE-906D-DCA3822097D0},CEGL007244,G159
CARL012 - 2017,{3DD1CF17-331C-4B9E-A228-ADD21F9119BE},CEGL007519,G015
CARL012 - 2012,{9F7917FE-03E8-4380-92FF-5224E7E74547},CEGL007519,G015
RUCA010 - 2016,{552C47C2-EA2F-4525-B9C6-53A74E89D3F3},CEGL002070,G601
RUCA010 - 2011,{EF180EEB-36B1-45EC-98D5-93B1E011691C},CEGL002070,G601
LOOK001 - 2017,{9D0D5095-D9D8-46E5-8ECC-ABB7F8CA2D85},CEGL007334,G652
LOOK001 - 2012,{2E8AAFDF-5512-433C-A7C5-D94AC37C54DD},CEGL007334,G652
LIRI039 - 2014,{B84ED53F-C7A6-4DCE-AD2A-CC6BF499F3CB},CEGL008428,G020
CARL010 - 2012,{56628658-9536-474B-8F04-3B27DB520ED6},CEGL007519,G015
CARL010 - 2017,{CAEF9931-91FF-4A31-B26C-2E10A13D53B7},CEGL007519,G015
DONE023 - 2014,{B7204952-4387-4EE0-950A-7B193F31A03A},CEGL007246,G165
LIRI019 - 2012,{28F7BFE0-33CB-41D4-904A-C19266E0D889},CEGL007500,G012
LIRI019 - 2017,{92FB9B83-B376-41DF-ADB4-5C68BF902EA3},CEGL007500,G012
CUGA012 - 2017,{E7686172-D74C-4B00-922A-4A45CAF61BBA},CEGL006286,G015
CUGA012 - 2012,{AA3E4745-140F-49A7-BD28-FC5708B127DB},CEGL006286,G015
LIRI009 - 2011,{DBE5B9C8-99CF-4099-BCE0-CE9D13B02498},CEGL007244,G159
LIRI009 - 2016,{5C655B00-89D8-4F0B-A6A8-54BDB05FD5E5},CEGL007244,G159
LIRI021 - 2017,{436164E2-ED6A-41FD-A669-5D4E11317D18},CEGL007388,G044
LIRI021 - 2012,{9376FCA1-C4B3-469F-91AD-BF0E78B2170B},CEGL007388,G044
COWP019Q - 2012,{9B1DD66F-BAA5-4881-AEB0-62651C5EC04F},CEGL007216,G031
COWP019 - 2017,{D838D313-849D-4614-9589-D052666F5CB6},CEGL007216,G031
COWP019 - 2012,{80C1BC7B-A05C-4C97-B840-B6C6940550D9},CEGL007216,G031
CHIC009 - 2012,{C55E246D-FBB9-4E7E-8B84-C582A465B6BA},CEGL007217,G031
CHIC009 - 2017,{EED5EC95-BD62-4E2B-93A6-653EA3FFA691},CEGL007217,G031
CHIC009Q - 2017,{562C9859-99E5-4358-9A66-DB98A10537EC},CEGL007217,G031
RUCA004 - 2011,{EE4A047B-F7E0-46EA-8C48-E3A5009FA704},CEGL008431,G015
RUCA004 - 2016,{BAB5CE87-5092-412F-AF51-7D7B992BF288},CEGL008431,G015
NISI007 - 2016,{A3CBE707-2D0C-49E5-972B-C4446F2E8D64},CEGL008462,G031
NISI007 - 2011,{9A858967-926A-4E9B-A313-87FA0DC9B74B},CEGL008462,G031
KIMO011Q - 2012,{90EFF04A-B5BA-48E1-A5AE-29B6B8D8DC4E},CEGL007216,G031
KIMO011 - 2017,{1D557FDE-4C66-4B8C-9965-39C9301D969B},CEGL007216,G031
KIMO011 - 2012,{73AB927B-657F-4826-A1FF-33F3EDCBACC5},CEGL007216,G031
MACA038 - 2014,{96BC648D-6CE9-436F-9051-F2610A5CB44C},CEGL004133,G030
NISI017 - 2017,{D3ACE67A-F328-4EA8-8922-9B8D9958F607},CEGL008462,G031
NISI017 - 2012,{3EEC881D-10DC-4D46-8D3A-5B848ADFB06C},CEGL008462,G031
KIMO024 - 2013,{E2981954-433E-474F-A2CF-1B70C102902F},CEGL008431,G015
STRI038 - 2017,{0F48FF06-C0DA-4695-855D-9DF779C9189D},CEGL007808,G601
STRI038 - 2012,{389F5D8E-933A-4FFD-ADBC-0B5FB626B7E3},CEGL007808,G601
STRI034 - 2017,{1DE6BBE8-8A73-4ECB-BAF6-64D371924B0F},CEGL007124,G030
STRI034 - 2012,{796003E5-D515-45F8-A068-327AAA036DE6},CEGL007124,G030
NISI008 - 2016,{774DDF67-6436-418B-8B7B-F38BC887120C},CEGL008462,G031
NISI008 - 2011,{DEC23A28-710C-43D4-8069-3E57FE47EBF6},CEGL008462,G031
CUGA031 - 2014,{D603175E-956A-4BD9-B720-81DB6E20A3C6},CEGL007267,G015
CHIC016 - 2014,{1B333DD1-8C56-44D2-9B66-5EBA3D03CD10},CEGL004731,G030
GUCO020 - 2012,{C2F3CAB6-DBEB-42D8-A10F-EC51DE913A12},CEGL008465,G020
GUCO020 - 2017,{2B744B6D-4D8E-42FF-A472-C74A05641C15},CEGL008465,G020
GUCO004 - 2016,{3975EF97-5A06-49C2-AAE5-45AEB18AFE08},CEGL007221,G030
GUCO004 - 2011,{95E21D12-5BB1-4363-949D-FD0EE19A3299},CEGL007221,G030
KNOB008 - 2011,{E9A54BF2-AFBF-46C4-A629-98EB07BF6A6D},CEGL002070,G601
KNOB008 - 2016,{42398E21-E9F9-47E5-991C-C4F0AFDD252F},CEGL002070,G601
MACA045 - 2015,{DE01E577-5AF6-4CC1-830E-2156743B6473},CEGL004133,G030
COWP005 - 2016,{520DAD2F-A2E6-47AE-8F12-9F12AB0CCD58},CEGL006327,G030
COWP005 - 2011,{589706A1-8D89-49B4-8279-775A28FFDFDD},CEGL006327,G030
MACA036 - 2014,{690FE5EE-5009-409C-B821-F1F7C484FEBA},CEGL007124,G030
MACA036Q - 2014,{2A2164F1-0A44-4B77-AD54-C9E2F2EF0B0C},CEGL007124,G030
MACA055 - 2015,{400B140A-6C74-4043-8099-5DC8E8F2395D},CEGL002591,G030
DONE014 - 2013,{84B55C5C-2AA7-4827-B28E-060B72B43AB1},CEGL007105,G031
NISI010 - 2017,{F456BA1C-65E9-495F-AD56-03FDDF433BA7},CEGL008487,G034
NISI010 - 2012,{1452354A-0AE1-4C6F-AB61-574104701A4E},CEGL008487,G034
CARL021 - 2013,{E7FC0212-B422-47DC-9950-295F41C62F80},CEGL007519,G015
LIRI010 - 2016,{03243396-6A3F-441E-A3D7-930AD0A0DDDC},CEGL008430,G159
LIRI010 - 2011,{415D2433-D53A-4334-BA9B-8506BF43569D},CEGL008430,G159
NISI015 - 2017,{BE5C45B3-4BA2-4E40-80E8-0BBDBE465B6E},CEGL008462,G031
NISI015 - 2012,{C1B21574-B667-4018-AF4F-E33E4F142E42},CEGL008462,G031
CUGA015 - 2017,{6A08DB0A-E4DC-4C9C-A668-12F815B82254},CEGL007240,G165
CUGA015 - 2012,{22E4D55E-0093-481D-BAD1-C7C7A32758E4},CEGL007240,G165
COWP007 - 2016,{11BBA951-78BF-4820-A399-D913947B338D},CEGL007221,G030
COWP007 - 2011,{36107B40-A8D1-4E5F-8C6B-A617D9BFBDA6},CEGL007221,G030
KNOB024 - 2014,{04503FDD-6814-495B-A783-97F9EB26535A},CEGL007220,G030
LIRI025 - 2013,{20B9460F-0E16-4E1D-B652-EBA8BD8B8729},CEGL008430,G159
MACA063 - 2017,{CEC1183F-A239-4012-B960-C5CD1D97FFC2},CEGL008442,G601
STRI031 - 2017,{C211E050-6328-4373-A040-33B128BB4B88},CEGL007124,G030
STRI031 - 2012,{C4D2CFD9-E693-41A2-ACB9-6CA70809CDE7},CEGL007124,G030
CUGA039 - 2015,{2113005A-0101-4DCA-B361-C1393E52D63A},CEGL006286,G015
MACA010 - 2012,{0CEDDF2D-AD17-4E49-B55B-87F208A8AEAD},CEGL005018,G159
MACA010 - 2017,{973AE60E-C7A3-423E-9740-1E4A96534798},CEGL005018,G159
NISI020 - 2013,{E66FD8D0-30FD-4B47-AE9A-86BC3DCBA99A},CEGL008462,G031
LIRI037 - 2014,{35C819F9-0068-46C6-AB7D-8B1AD5D6670B},CEGL008430,G159
CUGA005 - 2011,{859AD631-1CB8-4377-B8BA-A705E52D52EE},CEGL007267,G015
CUGA005 - 2016,{D7C215B5-F164-460C-A70A-0C94D68E732D},CEGL007267,G015
LIRI022 - 2012,{4FB15F89-E4C6-421A-8F7F-17858DA9D657},CEGL007493,G012
LIRI022 - 2017,{B8C03DD6-D2FB-46E3-AFFC-337E90444F14},CEGL007493,G012
LIRI035 - 2014,{4C92BBCC-2DF5-47C5-9658-452DFAC7A268},CEGL006011,G031
LOOK010 - 2014,{F6BDC2EC-7322-4400-BE88-BB157289FF2D},CEGL007700,G159
MACA049 - 2015,{BF114A59-05A3-4EF6-805D-5271DA710D03},CEGL007220,G030
DONE017 - 2013,{02F841FF-EE38-4884-A9EE-8CAEFF0E225C},CEGL002070,G601
KNOB015 - 2012,{9D61EE82-E53B-4882-AB16-FA55F8E3D2CF},CEGL007220,G030
KNOB015 - 2017,{B575E194-AE66-4F89-9344-6637472E037B},CEGL007220,G030
CUGA043 - 2015,{B9402D54-3B85-4D15-810B-B4B4109A6E30},CEGL007267,G015
COWP002 - 2016,{67D7F080-8696-46A8-B91A-1A86B34C5105},CEGL006011,G031
COWP002 - 2011,{DEBD7F29-4516-4825-9895-97BAE737F91F},CEGL006011,G031
RUCA009 - 2016,{0ADF7F39-A9EA-4F89-8A34-F50E268CD1D0},CEGL007268,G015
RUCA009 - 2011,{6D88A099-D7F7-4C47-83A1-ABABD1FAE902},CEGL007268,G015
HEIM007 - 2012,{DF87A12B-67C6-4CFC-8567-C5E5A27E17E0},CEGL007881,G020
HEIM007 - 2017,{76EA2209-15E8-4DA5-A277-FA483639F797},CEGL007881,G020
RUCA023 - 2013,{96B0C2D1-C065-45EE-A205-8C46BBBC9F66},CEGL007233,G165
LOOK009 - 2012,{407346DA-F783-4D23-A978-7D2F3C9E7DD4},CEGL007700,G159
LOOK009 - 2017,{60D9C410-F16C-417A-B501-D7B464770F97},CEGL007700,G159
HEIM004 - 2011,{E4481379-F927-4231-A1FE-C529D827BFEE},CEGL007246,G165
HEIM004 - 2016,{5578440F-DAF5-4F51-9D6E-91FE76D94A98},CEGL007246,G165
MACA032 - 2014,{727C1CED-7E02-4C47-A7EA-5FC8300A4692},CEGL002070,G601
STRI004 - 2011,{2F4BE918-3CE6-4A47-913B-57B4084C1B07},CEGL007124,G030
STRI004 - 2016,{C86470B8-D8E6-4FB3-A074-26A35F018328},CEGL007124,G030
LIRI006 - 2011,{7032DA48-EC5A-41EF-849A-2AF81B9822E8},CEGL008430,G159
LIRI006 - 2016,{AD4703C2-C489-4956-B81B-361A96767319},CEGL008430,G159
CUGA002 - 2012,{2CB705B9-4D7B-4598-8283-5CDC5BC74466},CEGL007267,G015
CUGA002 - 2017,{C220835E-2DE8-4A13-89FC-29D4273175CC},CEGL007267,G015
LIRI026 - 2013,{45DAFBA2-CF88-42A1-8B4D-7EF0A76FE229},CEGL007244,G159
NISI022 - 2013,{58CB9647-0A02-4449-BCF4-CA85B0DD31B5},CEGL004638,G031
CUGA018 - 2017,{5284BA12-8F05-4C66-9E31-F231DF1DB105},CEGL007267,G015
CUGA018 - 2012,{75E2ACE6-3D23-4691-89C6-4EFE64896B31},CEGL007267,G015
NISI009 - 2016,{0F953CEB-F7EA-4801-99CB-BB3D1D06C504},CEGL008462,G031
NISI009 - 2011,{256E7EA0-297A-4A83-B732-2D83ED3F19BA},CEGL008462,G031
CARL005 - 2011,{E24C2597-D2B0-4564-91EA-BCF7A70CD528},CEGL006286,G015
CARL005 - 2016,{FF7BDB43-58FA-40ED-9EB3-E318785F372D},CEGL006286,G015
HEIM008 - 2017,{20C8271A-133B-4732-9D0D-0F410B55AD6D},CEGL007246,G165
HEIM008 - 2012,{CCDDAF52-4C3C-457B-8EC8-386370F8C68C},CEGL007246,G165
LOOK012 - 2013,{57A2DDB1-40F0-4C24-B16A-EF8E9DCBC0A4},CEGL007700,G159
KIMO012 - 2017,{45767DCA-E8BB-4242-9248-0CB15CB842D2},CEGL006281,G015
KIMO012 - 2012,{32D6562A-1D80-45FA-8701-E1C814288DD2},CEGL006281,G015
GUCO010 - 2016,{F1FD42CF-D993-4FB8-B01D-C692B066DAF1},CEGL008475,G165
GUCO010 - 2011,{DC0BAD7A-39BE-4575-AC0A-FFFD35E4FDF2},CEGL008475,G165
LIRI023 - 2013,{9A849955-DA91-495F-84D1-33950C597773},CEGL008430,G159
DONE001 - 2016,{96DD572B-908F-45BB-ACF5-67C88F454625},CEGL002070,G601
DONE001 - 2011,{C33932FF-67B4-4A12-9589-CC460D84C8C7},CEGL002070,G601
DONE003 - 2011,{D75CB67B-ABDB-4765-99D0-B619138953F5},CEGL003871,G166
DONE003 - 2016,{E21DD77C-6D26-4ADA-8D20-6EB253582879},CEGL003871,G166
CUGA008 - 2016,{BB16BF83-99A8-4772-ADCD-5956AB3610F1},CEGL006271,G015
CUGA008 - 2011,{1252E3EF-C9BF-4D20-9ED4-D36B5BF1ED04},CEGL006271,G015
MACA018 - 2013,{E2BFF458-D925-46E7-99FA-1A1C090215CF},CEGL007795,G159
MACA018Q - 2013,{FA94E60B-1185-4DEB-B1E6-FE9038B74395},CEGL007795,G159
STRI015 - 2012,{FC1E9A3B-D32C-4C38-A6C0-90875E40AC7D},CEGL003938,G179
STRI015 - 2017,{095EC630-E05E-4FA4-B1AB-7C3FC9701FF2},CEGL003938,G179
STRI015 - 2011,{B13CA828-F4DF-4B91-A542-59073346B25E},CEGL003938,G179
CUGA019 - 2013,{88BFCE4D-364B-48A8-9A71-66359F085BB9},CEGL007296,G180
MACA040 - 2014,{6EB4EF8B-902F-4AAC-9EEA-EE90EDA074EF},CEGL005018,G159
LOOK021 - 2015,{7C9EA5FA-BC96-4949-B136-0908A2DC1331},CEGL007217,G031
MACA062 - 2017,{A53C795F-A5DE-4A28-A106-5E8619CC543E},CEGL002070,G601
CUGA030 - 2014,{318014B9-A2E4-40F9-AF81-8DFF94E0FB21},CEGL007267,G015
COWP004 - 2011,{69E1AE4C-C895-485D-ABDD-39A9D7D0C089},CEGL007216,G031
COWP004 - 2016,{9312B277-A6F2-42E3-9865-236F39EEBD79},CEGL007216,G031
GUCO011 - 2011,{EF6F24CA-AC7C-4DBA-9997-A09440C48A13},CEGL008475,G165
GUCO011 - 2016,{16258A7F-175B-46A1-AE35-9DB7D2D7202B},CEGL008475,G165
CHIC003 - 2016,{457D0AB4-F3E0-4023-A76D-2D00F36003B7},CEGL008429,G673
CHIC003 - 2011,{A461B7EA-4E7E-4D20-9DA4-ED9E53A04190},CEGL008429,G673
DONE005 - 2017,{B6E68142-F4B7-4D8D-AECB-87831CD9D337},CEGL007881,G020
DONE005 - 2012,{8843F2A6-314E-432D-BEF3-E65153C460F8},CEGL007881,G020
KIMO021 - 2013,{69A004F9-A253-4922-A5E4-14117EEBF1D8},CEGL006281,G015
KIMO014 - 2017,{F461CBDF-A761-4A49-9E02-9AA077F6AE7A},CEGL006281,G015
KIMO014 - 2012,{60BB56CC-408A-4E4F-B08B-2A749ACA7048},CEGL006281,G015
COWP012 - 2012,{62157A00-5076-443E-B6F4-D142EEF1261E},CEGL007244,G159
COWP012 - 2017,{824890C5-3804-47CF-BBBF-902C86BB8342},CEGL007244,G159
RUCA018 - 2012,{0312D7F5-A493-4B27-9522-3A57FF4B1A34},CEGL007233,G165
RUCA018 - 2017,{CBE736CD-4BC5-45EF-85B4-71659B968D0D},CEGL007233,G165
RUCA020 - 2012,{96814E2C-63E3-4FB3-9164-0E18CA45D606},CEGL008431,G015
RUCA020 - 2017,{04E57768-7CB0-4F67-AE1B-55927DFEFF1A},CEGL008431,G015
KNOB023 - 2013,{404C2B3C-7330-4AF4-89D8-14F66FD03549},CEGL002070,G601
CARL020 - 2012,{4DD48023-41FA-48C0-9F6A-110E29A9865C},CEGL007267,G015
CARL020 - 2017,{8156AB30-AAC4-43B1-854E-57BCF3EDE56B},CEGL007267,G015
MACA021 - 2013,{3A395CFC-6DFA-4F53-8AB6-36DFE729E139},CEGL002411,G020
NISI014 - 2017,{F486DDC6-B068-462C-B17C-6DC193522CAA},CEGL008462,G031
NISI014 - 2012,{EC143212-8640-4976-8F84-102FAA5B051B},CEGL008462,G031
CHIC006 - 2012,{29858B41-2579-4C73-9603-B40C8048E708},CEGL007808,G601
CHIC006 - 2017,{1E907471-A11F-467D-8772-160587FAD15B},CEGL007808,G601
CUGA048 - 2015,{C89900E7-D17D-4971-A41B-5A779F182142},CEGL005222,G020
STRI005 - 2016,{E753287B-77CC-4BE8-9570-77ABB99A9B08},CEGL004697,G030
STRI005 - 2011,{BC34836E-0276-4F63-AEA1-79D46960D160},CEGL004697,G030
CUGA023 - 2013,{7979524F-8425-4FD1-88EF-FA38CE89B3D6},CEGL006286,G015
CHIC014 - 2013,{0CBE8039-50EB-4D03-A463-136E6239F199},CEGL004731,G030
CHIC014Q - 2013,{C6464887-0C4A-435E-B1A1-C921F0B17220},CEGL004731,G030
DONE002 - 2011,{23E87295-91ED-499D-8517-2357F714572F},CEGL002070,G601
DONE002 - 2016,{CD7F0BA2-88E4-4CA0-B819-357211A4191F},CEGL002070,G601
HEIM014 - 2013,{8488191D-6102-43FF-967E-1878FFB826E9},CEGL002070,G601
MACA039 - 2014,{B26EA8DF-0CEE-423A-B777-FD7FBD557E38},CEGL004133,G030
LIRI013 - 2012,{598DFDB5-6B47-4B97-8832-EB6B6B25C273},CEGL007500,G012
LIRI013 - 2017,{2A6C745A-6F32-411D-A2AF-CA6F7F44FA5E},CEGL007500,G012
KIMO006 - 2016,{66E0D6E3-B9F3-4B19-9BE8-93BA85B75091},CEGL007493,G012
KIMO006 - 2011,{7E113D4E-3415-4A9F-A4E4-5965F4F15F4E},CEGL007493,G012
BIRT009 - 2016,{51448E0C-3F12-4F37-9486-7EE5B897A2D8},CEGL004741,G020
BIRT009 - 2011,{3134AC0D-E52C-4350-94AB-9EA129F5BB01},CEGL004741,G020
NISI001 - 2016,{1636B831-62A4-4695-B5FE-95B0B0057621},CEGL008487,G034
NISI001 - 2011,{D3A30498-094D-460A-B91B-341D47C8D226},CEGL008487,G034
HEIM009 - 2012,{59E710AC-B838-4A4F-B98F-8A9696E51AA0},CEGL007246,G165
HEIM009 - 2017,{F42AEC6E-CC7B-46D3-B93E-924775C9F0E9},CEGL007246,G165
CUGA035 - 2014,{7D78AA9D-CDC8-439B-8F31-EB2BE652DC96},CEGL007267,G015
SHIL016 - 2012,{AC37A7AC-3793-4707-9FED-8E2D210D76A9},CEGL007247,G159
SHIL016 - 2017,{A02623B0-5954-4846-BF01-D3B3AAE9957C},CEGL007247,G159
STRI036 - 2012,{07AC476C-A1AC-4354-9AA3-F05CB7972C56},CEGL007699,G601
STRI036 - 2017,{A0A7977B-22D6-454C-931C-8F5417F46126},CEGL007699,G601
LOOK013Q - 2013,{E73CBCCB-D122-4787-8848-D39DDDE6F480},CEGL007700,G159
LOOK013 - 2013,{D0B9AF13-6E52-4448-B822-AADB58677382},CEGL007700,G159
CHIC019 - 2014,{5682C711-C15B-47DE-8A53-2244C5E0F22E},CEGL007105,G031
CUGA036 - 2014,{22753195-E481-4F58-A48B-53642472432D},CEGL006286,G015
KIMO010 - 2012,{D2697DD1-8FB4-4141-B0F7-85E2FD40F55D},CEGL006281,G015
KIMO010 - 2017,{DF283F28-36D7-437E-96F7-933A950C6E2E},CEGL006281,G015
KNOB014 - 2017,{F511AC79-ECB4-47D7-9CAF-BF7A1CDBD7E9},CEGL002070,G601
KNOB014 - 2012,{B20B695B-2EBF-49B1-B27E-FB20AFDBE796},CEGL002070,G601
NISI011 - 2012,{C8DC6548-6F35-44BD-BFB7-79C32EB3D237},CEGL008462,G031
NISI011 - 2017,{57BC485A-0752-42D7-AC59-33605C8DD48D},CEGL008462,G031
MACA009 - 2017,{17499588-9056-40A1-A1D4-6721DEA0F7C0},CEGL007795,G159
MACA009 - 2012,{2BA46398-CE27-4CB8-B303-1E520FA927D8},CEGL007795,G159
MACA009Q - 2017,{84BEB9C9-7F3D-42D5-BBB7-5E72B53D2BD3},CEGL007795,G159
LIRI003 - 2016,{2327C15B-FB62-4671-8FAE-0C12309000B2},CEGL007500,G012
LIRI003 - 2011,{0C8AB79A-6B7C-4AA5-AA26-B88214D150F2},CEGL007500,G012
LOOK023 - 2015,{89572A16-04AD-48DD-B0FC-1C4DE3E9C632},CEGL008462,G031
CHIC025 - 2015,{5CC0A7CD-9874-4E11-A8F8-A3AD7C0CCA3A},CEGL008462,G031
MACA003 - 2011,{5224FA2E-14BB-4F2C-BEDF-17D87B9148B9},CEGL002411,G020
MACA003 - 2016,{195BCAD3-A6B0-4E9E-9E3B-F1AEFFFD04D1},CEGL002411,G020
MACA060Q - 2017,{992AC28D-4CF2-41C7-BAE0-3BE16B3C88CC},CEGL002070,G601
MACA060 - 2017,{3A3D6307-783D-465C-9749-0010A1674AE1},CEGL002070,G601
RUCA022 - 2017,{847B3B40-FA8C-40D4-8C30-6ABB63824BAD},CEGL008442,G601
RUCA022 - 2012,{08F90BCE-DF83-4796-9DA9-4023E30C8594},CEGL008442,G601
CHIC028 - 2015,{039455B4-104D-41B0-B356-E2305C4071AD},CEGL007247,G159
SHIL031 - 2013,{70FDB1E2-C8E4-4E3A-84CC-CB9F05B8C4B2},CEGL007246,G165
MACA007Q - 2016,{84EE11B2-D407-4EBE-8B2F-0CD011270C5D},CEGL008442,G601
MACA007 - 2011,{4E03B655-4EEE-40C2-895E-019D1BF71CCA},CEGL008442,G601
MACA007 - 2016,{0E570ADF-85CD-46B1-918E-D6CAF823B068},CEGL008442,G601
DONE010 - 2017,{ACF21E92-BFA9-4E15-8039-D2805032CA01},CEGL007124,G030
DONE010 - 2012,{C94F4C27-B19E-475E-B4CB-784D311FD348},CEGL007124,G030
STRI024 - 2017,{0BE7EBED-E888-4AFB-9A6E-41DEF0590C81},CEGL007124,G030
STRI024 - 2012,{F7FCB886-B91C-4F7B-82ED-52B9DB598399},CEGL007124,G030
COWP003 - 2016,{ED7A9735-A637-4D7B-A824-AAD52A9DC562},CEGL007216,G031
COWP003 - 2011,{13A88573-4AF9-4081-BBCC-72DADE1767E9},CEGL007216,G031
KIMO022 - 2013,{B7666359-DE84-40A6-BE78-FEBF7FAB029E},CEGL007244,G159
KIMO019 - 2013,{178E4891-23ED-42CE-A46D-F0A0388BF25F},CEGL008475,G165
LIRI016 - 2017,{6BA603BD-56E2-423A-8786-81F8BF145817},CEGL007244,G159
LIRI016 - 2012,{030D6A9E-CD37-4D20-A22B-157E54FAB7EE},CEGL007244,G159
STRI045 - 2013,{773F1AB3-0C02-4DBE-9B00-B051976587D6},CEGL004697,G030
HEIM005 - 2011,{7FFC44F5-EC59-48F1-A4D3-EDD41FED5112},CEGL007246,G165
HEIM005 - 2016,{F59A6286-4163-42F7-AC49-4B06BD94DAC0},CEGL007246,G165
SHIL015 - 2017,{B6F6D70A-A8A8-4C8A-988D-33A55BA7FAD4},CEGL007246,G165
SHIL015 - 2012,{BF684D22-B7A4-4CF9-8ED4-BC1CB08513E1},CEGL007246,G165
CHIC005Q - 2011,{88B0DFA9-423E-426D-803C-45ACD48EB658},CEGL007247,G159
CHIC005 - 2011,{E768DBCD-F612-4F61-B108-4DCEC9E049B8},CEGL007247,G159
CHIC005 - 2016,{F427BCB7-8A56-4DB2-BEBE-DB0F425B795B},CEGL007247,G159
DONE015 - 2013,{F4E48F2E-7F9E-46E1-9A10-15B5AF8A4009},CEGL002070,G601
KNOB028 - 2014,{ED42B2A9-EDB7-46EC-9C1D-E031010921E2},CEGL002411,G020
LIRI008 - 2011,{8FD025B3-FDAA-42C6-A250-79E6D39748C2},CEGL008431,G015
LIRI008 - 2016,{1013A9FD-F7BD-4C9F-B410-FBCB7FE07E5B},CEGL008431,G015
STRI040 - 2013,{D7FD8614-692D-41ED-B6FE-4F61D4A06141},CEGL003876,G601
DONE009 - 2012,{DC578425-EB19-4AAC-9D40-440355D5B12D},CEGL007220,G030
DONE009 - 2017,{E4744BF0-F412-4379-AD87-C943E1CB8D4C},CEGL007220,G030
KIMO023 - 2013,{7DABA295-95B6-49BA-9495-D11F9C5FCBA6},CEGL006281,G015
COWP009 - 2012,{984E1621-E522-445F-98B3-F529E88DCD69},CEGL006011,G031
COWP009 - 2017,{35A4F14F-9DAB-4E85-9170-50E46FB1B431},CEGL006011,G031
MACA002 - 2011,{FC500F00-989C-407A-B534-89CB28A3A060},CEGL007795,G159
MACA002 - 2016,{5B5ACCDB-AD76-4D53-923B-33E6009619EC},CEGL007795,G159
KIMO005 - 2011,{A9E50AA0-DA18-49A2-A55E-964DDFDD8006},CEGL008431,G015
KIMO005 - 2016,{368A910C-7F6D-4496-AC0A-7FCC7F7B0296},CEGL008431,G015
MACA014 - 2017,{D5C46D65-B640-48E8-940C-D0DFF6A4B505},CEGL008442,G601
MACA014 - 2012,{A4B39D9A-96AE-48EB-800D-F3F838428675},CEGL008442,G601
CUGA047 - 2015,{A855F38B-5D5F-4151-9CC2-5A27616050FE},CEGL007267,G015
KNOB012 - 2012,{E03B8193-03D4-4FE6-88C3-C650FEB26077},CEGL002070,G601
KNOB012 - 2017,{F389DE9A-449B-4EC3-BE98-F515564D8148},CEGL002070,G601
MACA046 - 2015,{98A4AB9B-BC38-430A-AFD8-D57FA6FF3F15},CEGL007795,G159
COWP010 - 2017,{63D6D7AF-8835-486F-BC3B-BF44FDDCAB6D},CEGL006227,G020
COWP010 - 2012,{86009B3C-D9BD-462E-811E-7F82AE576B88},CEGL006227,G020
MACA012 - 2012,{6861D43E-0EE7-4B42-9471-8E2F62F88D1D},CEGL004133,G030
MACA012 - 2017,{6876576B-5D50-4590-B5A5-6D55448C374E},CEGL004133,G030
MACA012Q - 2017,{AC25B520-9715-47EB-ABCF-1529B0534C7F},CEGL004133,G030
SHIL037 - 2013,{4198EC80-F1E1-4BEB-941E-E25F291B0E71},CEGL007217,G031
SHIL020 - 2012,{000CA06A-58DA-455F-9DCF-40BE4EA539C5},CEGL007246,G165
SHIL020 - 2017,{73610535-60B0-4386-9624-F4AFCC0C793D},CEGL007246,G165
CUGA022 - 2013,{DF733930-5104-466A-8224-538C17A08A73},CEGL006286,G015
BIRT012 - 2017,{40C0F7C9-11E9-41B5-80F3-3E463D0CD7AF},CEGL007220,G030
BIRT012 - 2012,{F6DC30AA-D0FA-4900-A92A-7293BB81CD3F},CEGL007220,G030
GUCO007 - 2011,{4D947B44-B4D8-41AF-889E-630C904F8809},CEGL006327,G030
GUCO007 - 2016,{848DB109-2DDA-4E40-BEE4-DD1F36E86480},CEGL006327,G030
SHIL003 - 2016,{0E0A2123-72E8-4CB8-ABCB-22FA643CFA4D},CEGL007246,G165
SHIL003 - 2011,{8CDCC3E4-27EF-4738-822B-147EA0A5E1F8},CEGL007246,G165
CHIC023 - 2015,{567D66AC-38EF-4495-8240-EEB79A338B60},CEGL007105,G031
CUGA033 - 2014,{5878F4A3-AF0B-49ED-8918-E2D0870F748A},CEGL007240,G165
CUGA010 - 2016,{6B24322C-388F-4380-B696-364D97E0C7F2},CEGL007267,G015
CUGA010 - 2011,{A4310F27-4F15-4DE7-86BD-6A034349E67B},CEGL007267,G015
COWP001 - 2016,{1074D859-E1C5-4E9E-9CC2-E394F876C1E4},CEGL007244,G159
COWP001 - 2011,{11CB3732-7FF0-4C3C-9130-20C54CF661CD},CEGL007244,G159
BIRT015 - 2012,{65B882C9-51EE-40CB-A737-0BA26391D8AB},CEGL004133,G030
BIRT015 - 2017,{C757EF88-CBAD-4763-9880-C090BF509E5B},CEGL004133,G030
CARL006 - 2016,{834A552B-8F55-424B-914A-85B56EB2C9CC},CEGL006286,G015
CARL006 - 2011,{12B27D36-0D0D-405D-BCCC-B513AD4A2EBE},CEGL006286,G015
RUCA025 - 2013,{5161075F-C26E-4937-9FE0-45248B5A63B7},CEGL007233,G165
LIRI024 - 2013,{C35A5A5E-1677-4EB1-89A6-E97D15625FC3},CEGL007244,G159
SHIL023 - 2012,{273A11A1-C9C7-400A-B1EA-69AF900E36FF},CEGL007795,G159
SHIL023 - 2017,{CD358F4E-6C05-42B1-B376-3D83E2035340},CEGL007795,G159
BIRT008 - 2011,{015E0434-5E1F-43D8-BFC4-A6AC08A3C0CA},CEGL007220,G030
BIRT008 - 2016,{47C33567-BF3D-42D7-BAFD-9446A6D7C4A8},CEGL007220,G030
CARL007 - 2016,{97B8817D-7596-4082-9FD4-A93B55E1DD4B},CEGL007944,G030
CARL007 - 2011,{7870E8BC-42B8-4811-A4F6-6084E38C2853},CEGL007944,G030
CUGA017 - 2017,{8BE078C6-94BB-4A8A-9FF5-E6D6C2EF7612},CEGL006192,G165
CUGA017 - 2012,{98562D23-2785-411E-858F-40261DCAD7CE},CEGL006192,G165
SHIL014 - 2017,{B978CC83-AFCF-4A2D-BE9E-8480023DEFF8},CEGL004052,G012
SHIL014 - 2012,{C06B4122-7652-437A-AD49-B867546E01A0},CEGL004052,G012
KIMO025 - 2013,{22A6DC8A-0E57-4498-A169-AE7AC0CD5CFB},CEGL006281,G015
SHIL011 - 2011,{2606AD30-F88E-4670-934A-A8222EB485B8},CEGL007246,G165
SHIL011 - 2016,{9C9B760E-5FC0-4F96-A268-864092179475},CEGL007246,G165
COWP021 - 2013,{E717401E-E291-4747-90EF-1C70AEEF2B80},CEGL007216,G031
CHIC001 - 2016,{477CD303-6357-4624-84ED-AC2659098891},CEGL008429,G673
CHIC001 - 2011,{AD95A506-4CA7-4FCF-A539-29324657CE82},CEGL008429,G673
RUCA007 - 2011,{6415B15C-8132-42B5-AB12-F11205DAD8D2},CEGL002070,G601
RUCA007 - 2016,{F3D777E5-BB95-441B-90F8-5FBB87DBD754},CEGL002070,G601
STRI037 - 2017,{C0462AEC-60AF-4336-B90C-7F13610A886D},CEGL007124,G030
STRI037 - 2012,{20AC85E6-EB7B-4631-A939-7C13E41DBE96},CEGL007124,G030
MACA020 - 2013,{BD386398-434A-4B1A-8510-0C6162A91449},CEGL007221,G030
GUCO009 - 2011,{5B9DD68F-DEBC-4B6E-A07E-DAC1C7862600},CEGL007244,G159
GUCO009 - 2016,{668ABD67-5484-42B0-9084-13936CD1ABE7},CEGL007244,G159
GUCO009Q - 2011,{7992827B-EDD3-4E66-BB07-F17607157777},CEGL007244,G159
BIRT002 - 2016,{A791209E-BC49-4A25-99E7-F4E7B71A9CDC},CEGL007220,G030
BIRT002 - 2011,{E63CDE8F-BAD7-459B-AC64-41E7C490A8CF},CEGL007220,G030
RUCA019 - 2012,{8D25F180-9C9C-4687-9565-763205E5BBAE},CEGL008442,G601
RUCA019 - 2017,{127674C7-E28E-433E-ACC9-75E513A60442},CEGL008442,G601
CUGA021 - 2013,{99203CD4-8F44-4FFF-BA46-16D72E3E20DC},CEGL007692,G165
COWP024 - 2013,{648AEFD0-D0F9-43A5-BACE-8947ABBC0D45},CEGL007216,G031
CUGA041 - 2015,{238AB1EF-A911-4131-9079-56710D6B4D7B},CEGL006271,G015
STRI043 - 2013,{89E6D95E-3587-4A80-9E58-9B16A31B112F},CEGL007808,G601
MACA034 - 2014,{C467B79C-8760-4EE4-91C4-34268838CF89},CEGL007220,G030
RUCA014 - 2017,{C901CCEA-AFEF-45DE-8490-34EFA7CF05EE},CEGL008442,G601
RUCA014 - 2012,{7E7DBB3F-272B-4486-9891-32C4AFE99673},CEGL008442,G601
DONE025 - 2014,{7C0D8790-C450-4A92-885C-3BC6A905AA99},CEGL007246,G165
CARL004 - 2011,{9F7A1C2A-7BDB-4350-98B0-699B36DDB98E},CEGL007519,G015
CARL004 - 2016,{A0F2A18D-D892-46B9-8ED9-3D757213DED0},CEGL007519,G015
NISI006 - 2016,{3861EC9F-37AC-49D1-9681-E1EDD116D647},CEGL008462,G031
NISI006 - 2011,{E50D6456-8A2C-4284-8934-A2ADEF598932},CEGL008462,G031
CHIC013 - 2013,{0576908D-D9AD-4CE5-8188-5EEFD28A037B},CEGL006017,G016
KNOB020 - 2013,{0D1F00B9-6A4D-4D85-AFDB-9B248E609C18},CEGL002070,G601
MACA059 - 2016,{257154AF-AD90-41E2-9BF2-F37DE4BF320F},CEGL002411,G020
SHIL029 - 2013,{1C2977BD-36DF-4A12-BC2F-A062DFEFF17B},CEGL007881,G020
STRI011 - 2016,{319C93AD-DD22-4991-987F-592DC18FF381},CEGL007124,G030
STRI011Q - 2011,{02B0CC9D-71D8-4BDF-A9E7-F22798C1E261},CEGL007124,G030
STRI011 - 2011,{DF8D3DB5-66D0-4274-ABDE-D4985E972EDB},CEGL007124,G030
LOOK006 - 2017,{C0FE9EF3-4E8A-4D1A-84D3-547D141B5369},CEGL007700,G159
LOOK006Q - 2017,{CCA46159-F11D-40AB-A5F5-E4BC48B62739},CEGL007700,G159
LOOK006 - 2012,{4AA928B8-D15B-4B46-8BEA-E4A40BF067B6},CEGL007700,G159
LOOK017Q - 2014,{C5288BE6-CA5F-41CB-91A0-5A68129C2FC2},CEGL007700,G159
LOOK017 - 2014,{CC7DD118-8E76-4455-A977-6252DE46B24A},CEGL007700,G159
SHIL024 - 2017,{E52F2E53-D0EF-4FC2-ACB3-A885A12E8B69},CEGL007795,G159
SHIL024 - 2012,{81728DF2-0D47-46D4-B7B0-E5079C9263F3},CEGL007795,G159
MACA050 - 2015,{1D21BD8D-EDEE-4995-9E2D-B39348916C27},CEGL007881,G020
HEIM013 - 2013,{58F13E25-4C62-40E2-BB86-29A5565D6D06},CEGL007334,G652
CARL001 - 2011,{0B298B64-2215-43E5-A2ED-19DB82DE9DA8},CEGL006271,G015
CARL001 - 2016,{FF57E27B-5440-4D4D-AE1A-1AD32B14DC6B},CEGL006271,G015
KNOB002 - 2016,{1C6DAB15-B6F6-4004-A9C0-484855269F61},CEGL002070,G601
KNOB002 - 2011,{D7F30348-2F1C-4632-A976-B0DC0BA14B9B},CEGL002070,G601
CUGA024 - 2013,{86631B3C-A27F-4FEC-A7CB-2D7CC7BA6775},CEGL007267,G015
RUCA003 - 2016,{3A9D7B47-A973-4938-A20B-2607C8EB5BD0},CEGL008442,G601
RUCA003 - 2011,{3DDE18EA-105F-4345-842F-CFF941772B36},CEGL008442,G601
LOOK026 - 2015,{B3A1FBCF-25C8-418C-AFBF-56446C114329},CEGL007233,G165
LIRI038 - 2014,{B4A3FAF8-CD13-4466-B79D-2A2F2A7080FE},CEGL008431,G015
GUCO018 - 2012,{36E69BF9-E35C-40D6-B3E7-C2EC471C55DC},CEGL007221,G030
GUCO018 - 2017,{7030A969-863E-4DD8-8D7B-D8FA172727F3},CEGL007221,G030
LIRI030 - 2013,{8D91CB7C-BF03-4F24-9C24-CF8205159668},CEGL008431,G015
LOOK005 - 2016,{9CBA2CA6-FBD4-4AEB-BE08-64F6493CD251},CEGL007233,G165
LOOK005Q - 2011,{E0C9E961-8BA4-421C-87AC-4CEAD4866569},CEGL007233,G165
LOOK005 - 2011,{7A0F0D44-DF80-44C6-9C53-BC58B21D5896},CEGL007233,G165
STRI007 - 2011,{DABEB6D9-DBDE-44B2-9679-7940A38DD833},CEGL007699,G601
STRI007 - 2016,{05D29808-9FCC-4C6C-9954-A1E6B0CCE432},CEGL007699,G601
KNOB004 - 2016,{5D055BB2-2A2E-498B-B645-DDCBD13D2BCC},CEGL002070,G601
KNOB004 - 2011,{6AC5C8BE-4560-49A4-941E-C9024C46DC2D},CEGL002070,G601
LOOK003Q - 2016,{D3467284-3C9E-4E06-96D4-2E816F80AC92},CEGL007700,G159
LOOK003 - 2011,{F92F8D79-5DE5-4A9C-A4DD-5B0A3A4665BC},CEGL007700,G159
LOOK003 - 2016,{0D2FF3F3-554B-486D-8EBE-B5AE69367154},CEGL007700,G159
KNOB016 - 2013,{1674C624-C4C2-401A-B879-7E3987B590DC},CEGL007220,G030
CARL009 - 2016,{94668689-9389-4886-AFDC-AB7435724EF1},CEGL007519,G015
CARL009 - 2011,{463F0DA3-4A01-4431-8C30-4A2DAAF7CB07},CEGL007519,G015
KIMO015 - 2012,{4D2041BF-DB1F-4739-8448-20ED3DFEB32D},CEGL007244,G159
KIMO015 - 2017,{4FA291EE-9DCD-415C-AEC2-3897F51A8BC1},CEGL007244,G159
NISI019 - 2017,{6CE72E98-1C38-4515-B50B-F46B5D94C291},CEGL008462,G031
NISI019 - 2012,{CB589A83-45A9-4685-917D-3F7EB0794201},CEGL008462,G031
STRI039 - 2012,{84F726FB-B7EB-4704-8420-D2FE119C00D8},CEGL007124,G030
STRI039 - 2017,{4485504D-D3BE-480F-89E1-4FAA7EB54897},CEGL007124,G030
DONE004 - 2016,{400CBE71-66A1-4C4B-AA7B-5B967C2CAC2F},CEGL003871,G166
DONE004 - 2011,{26EFAF9B-B45C-42B1-BFCB-1B64D3C2C204},CEGL003871,G166
MACA053 - 2015,{68385733-B7C1-41F8-84B2-51216E29A9E7},CEGL007795,G159
MACA053Q - 2015,{77F8F599-D22F-4BAA-A34E-5E5B50C98E05},CEGL007795,G159
GUCO015 - 2012,{C5029794-8B1A-49A5-BBD2-BBD224D41CA3},CEGL002591,G030
GUCO015 - 2017,{AE9A95E4-9E3C-4136-B8AE-4796F9F18ACC},CEGL002591,G030
CUGA032 - 2014,{71C363D7-1E62-4F9F-88F2-F2B7E169B9F8},CEGL007267,G015
CUGA046 - 2015,{1CD5F6A9-783E-4AAF-80F8-A655C409CADC},CEGL008407,G020
LIRI014 - 2017,{20600E76-6E29-4DB7-92B4-267CE5C809B7},CEGL006011,G031
LIRI014 - 2012,{56481D04-3F0B-4D03-A1D9-3E367222F526},CEGL006011,G031
LOOK025 - 2015,{FA0CCBD5-730D-4F1F-8B5D-5F6712E94C3B},CEGL007700,G159
LIRI034 - 2014,{0AF51E1A-44CC-420D-886A-CCBD148395FB},CEGL007500,G012
MACA022 - 2013,{0C4B5792-083B-4C7A-BEC4-2F102803BCDD},CEGL008442,G601
MACA056 - 2016,{D457489F-AAEC-4719-B374-D717705581A2},CEGL007795,G159
CARL013 - 2012,{6DAFBCF9-6165-4FCF-9E55-4FE60044F35E},CEGL006286,G015
CARL013 - 2017,{623FE315-7A46-4F3F-85D0-CAD84A12D200},CEGL006286,G015
MACA023 - 2013,{B60EEEB7-932D-4DD9-81ED-CBCBA26AD429},CEGL007217,G031
MACA023Q - 2013,{C2C02D0F-0B3B-4FB6-A509-E8BBBED93498},CEGL007217,G031
BIRT005 - 2011,{56E30A9C-7C8A-4ADC-8A4F-878AEB25B152},CEGL007220,G030
BIRT005 - 2016,{1ABB13ED-133A-43B9-8879-AFA3EF51CE71},CEGL007220,G030
CUGA034 - 2014,{18C945F1-9839-4AA5-B3AB-82186D1F2F7C},CEGL007267,G015
STRI012 - 2011,{C3B93C2E-58B8-4846-B23A-3CE69044F6A9},CEGL007124,G030
STRI012 - 2016,{622D92CF-7396-4550-93C0-7B6A155441AF},CEGL007124,G030
MACA030 - 2013,{A4D4F4E5-9186-412E-85E9-F702E50BF8BD},CEGL007881,G020
GUCO008Q - 2011,{B889915F-939E-425F-975B-F386C1AA2730},CEGL008475,G165
GUCO008 - 2016,{95E0989A-657A-4B45-AB53-9BBD95A6AA10},CEGL008475,G165
GUCO008 - 2011,{4CE339A2-DBEB-4322-8DB3-E0EBC1FBEBD7},CEGL008475,G165
BIRT014 - 2017,{A8947346-86E8-4CA8-ABF8-5B6E01CD70D2},CEGL007124,G030
BIRT014 - 2012,{2A2F8D2F-EC34-415B-8175-484087B06E03},CEGL007124,G030
HEIM003 - 2016,{4DB597DB-8A01-4500-9FDD-3937B5D87F4C},CEGL007246,G165
HEIM003 - 2011,{CFA74D02-8881-4CAD-B048-F659C9C4785D},CEGL007246,G165
CUGA026 - 2013,{4693EE4A-E8DF-4C18-96C7-E303BC8EBB6F},CEGL007240,G165
KIMO007 - 2011,{AF4B6749-7FAC-4D06-BA92-3112D4000B11},CEGL006281,G015
KIMO007 - 2016,{B845E5E4-CA3B-4B17-B14A-946FB2DF85C3},CEGL006281,G015
MACA044 - 2015,{434FF46B-2231-4F4C-B813-0016129A98A4},CEGL007795,G159
LOOK007 - 2017,{8DA12015-485E-4DE1-A958-EE9058E53095},CEGL004418,G034
LOOK007 - 2012,{9D8FDB79-9E6D-44BB-B00D-5BA7D312083F},CEGL004418,G034
LOOK007Q - 2012,{62E9FCF8-1008-4F11-901A-4444D3B58EFF},CEGL004418,G034
LIRI036 - 2014,{26A11885-0760-4E1B-B0B1-91C3AE8519E6},CEGL007119,G012
STRI047 - 2013,{54B9DEBD-F59E-4CA8-BCD1-B303B4C1F173},CEGL007124,G030
MACA057 - 2016,{F8CB94C6-719A-4EAB-9DA5-3D1D7A00D31D},CEGL007795,G159
LIRI029 - 2013,{21D1D93F-10EB-42F4-BA1B-C4C97A3D2665},CEGL007244,G159
KIMO013 - 2012,{3310AF53-F516-4D7E-B7C9-845F12FB4818},CEGL007221,G030
KIMO013Q - 2012,{A2112F69-9C6B-4662-AFC2-27CE1A504886},CEGL007221,G030
KIMO013 - 2017,{F6E23E95-C948-44BD-B973-652AB9ABC23C},CEGL007221,G030
CUGA044 - 2015,{55875984-A5A6-4E17-BCAC-24D30BB25E6F},CEGL007692,G165
GUCO002 - 2011,{C3D02B9A-6EED-4091-AF2E-CF7A5C92E0DE},CEGL007244,G159
GUCO002 - 2016,{500BBA04-8ED9-4B03-ADF5-BEE8D1C496F3},CEGL007244,G159
MACA035 - 2014,{E9DBDF50-3002-49D7-8F0D-F09D2EF19349},CEGL007795,G159
CARL017 - 2017,{18672263-C3E9-4BCA-AC37-D3049170290E},CEGL006286,G015
CARL017 - 2012,{A0B66720-421B-478C-B17F-C8D4F52A02DA},CEGL006286,G015
KNOB006 - 2016,{7D3F3658-2962-4700-80C6-57BF2B1E23DD},CEGL004741,G020
KNOB006 - 2011,{6C582672-9359-4183-A592-78783F873FAA},CEGL004741,G020
MACA052 - 2015,{24D2F206-CA47-4DBC-861D-4CEF371787A9},CEGL007795,G159
LIRI001 - 2011,{0C0CA7DC-3126-4C49-A1D3-CE2289981F3B},CEGL008431,G015
LIRI001 - 2016,{EB890CC0-01F9-4BE1-8F44-A346C4177ECD},CEGL008431,G015
CARL024 - 2013,{62CA5D53-7C26-4700-A143-CFB832CB003B},CEGL007267,G015
MACA037 - 2014,{BEB30239-3D32-48CD-87F0-ACBE37FC9A7A},CEGL007795,G159
MACA037Q - 2014,{8C5630CA-155E-44DD-8D0C-8E5B47C2F0A1},CEGL007795,G159
GUCO026 - 2013,{D169E15F-F191-4776-83DA-F61A24620B07},CEGL007244,G159
CUGA020 - 2013,{8EA69345-420F-4265-B1B5-40F3DDE3C98B},CEGL006192,G165
DONE006 - 2012,{AAB151DF-B384-4AA3-82F2-69E655E595D3},CEGL007246,G165
DONE006 - 2017,{F51D26E2-DEE1-4DFE-BE7B-81C7E6187B3F},CEGL007246,G165
SHIL008 - 2011,{22647B09-6E67-4AE5-9913-45FAE09A03AA},CEGL007244,G159
SHIL008 - 2016,{7EF67522-A909-469F-AF74-CB7E85F1F721},CEGL007244,G159
STRI010 - 2016,{CAA2EDE9-3857-4FDB-89C9-AACD55886B3D},CEGL007124,G030
STRI010 - 2011,{A259D10C-03E1-4781-BD01-C6A0CD179BAA},CEGL007124,G030
SHIL036 - 2013,{8CA3217D-646F-452A-B1E0-840CF6AC6A54},CEGL007795,G159
MACA008Q - 2016,{2CA479E6-7D8C-4DA6-BEC6-A8C1BD7EA62F},CEGL005018,G159
MACA008 - 2016,{BC8DEB21-9BFB-4960-BC12-7BBD5E162FE5},CEGL005018,G159
MACA008 - 2011,{2466B77A-7769-4008-A3F5-FB7D23DBF1FC},CEGL005018,G159
MACA025 - 2013,{F38E98F3-3521-4D2B-A8BE-AAED4D2C5A4C},CEGL007700,G159
DONE018 - 2014,{D0D20DAB-90A4-42D9-89D7-69C7F826BA93},CEGL002070,G601
GUCO016 - 2012,{4250809D-20A0-40A5-818B-F4D4845C1F00},CEGL007221,G030
GUCO016 - 2017,{92AC30E6-B474-4089-ACD0-1B6035BF549A},CEGL007221,G030
SHIL006 - 2016,{F5526FA0-7145-4EF5-9461-E75C79151FD0},CEGL007881,G020
SHIL006 - 2011,{30921F30-5456-4878-99CC-C0DEC0412973},CEGL007881,G020
SHIL004 - 2016,{3AAD94CC-6A24-4B58-BC72-244BA116CA60},CEGL007246,G165
SHIL004 - 2011,{11E072D1-F28F-4309-9108-BAF189A124DB},CEGL007246,G165
CUGA003 - 2011,{60700C1A-D207-4EEC-9668-A08A7740F4FC},CEGL007240,G165
CUGA003 - 2016,{A3A92DA1-8705-4B23-8EA7-15019E56B320},CEGL007240,G165
MACA011 - 2017,{295E9575-5891-407A-BC9E-599F26C4F980},CEGL008442,G601
MACA011 - 2012,{6F0C2DE2-C851-4B01-962E-C973DCC5E93A},CEGL008442,G601
CARL025 - 2013,{4C9E71DB-89E3-4D67-95E4-BD90528BB505},CEGL006286,G015
GUCO006 - 2016,{97F00072-314A-41ED-A4E4-37A491874668},CEGL008475,G165
GUCO006 - 2011,{FA36A62C-0672-467F-B0E4-0E584AC53865},CEGL008475,G165
LOOK002 - 2016,{457FCC01-0CE2-4E1B-AE46-83A09997DF6B},CEGL007330,G553
LOOK002 - 2011,{08BCA74D-D44B-4F6D-9709-2050A237FAED},CEGL007330,G553
KIMO017 - 2012,{DCE9FB2B-C57C-4385-9E42-5AAED70F6A01},CEGL007244,G159
KIMO017 - 2017,{F819FE9C-51C2-4447-92DC-68575DAFAF78},CEGL007244,G159
NISI018 - 2017,{0EC9027B-86C6-4E5C-9CEC-069E031AD414},CEGL008462,G031
NISI018 - 2012,{9FB9B1EF-ADB3-4C26-94D9-687122F0BD5C},CEGL008462,G031
NISI021 - 2013,{8310DD2F-79BF-410C-B6B7-869AFED3F6F3},CEGL004638,G031
MACA047Q - 2015,{34FF46E9-6445-4540-8D73-C7C9B5C9C7C6},CEGL007795,G159
MACA047 - 2015,{840D4F8B-EBF3-45B4-83EA-7A17577C9E01},CEGL007795,G159
DONE013 - 2013,{CA2EE2F5-26F8-4AB8-9873-B9AB157BEB24},CEGL002070,G601
RUCA026 - 2013,{D28D1C50-802C-4B2E-B8B2-BC3FC6FEC0A5},CEGL008442,G601
MACA041 - 2014,{4197562D-436C-4B90-8C81-F95DA535F8EB},CEGL005018,G159
NISI013 - 2017,{E940E3DA-846A-4D96-9DC5-E5F6D7932794},CEGL008462,G031
NISI013 - 2012,{F915E314-B564-4744-A77A-28A9E89D37F6},CEGL008462,G031
RUCA024 - 2013,{99C3AACE-3F11-453B-832F-A902C26DDAA1},CEGL008431,G015
MACA058 - 2016,{0282C5AC-2E31-4CBD-9492-89BE45A09388},CEGL007795,G159
MACA058Q - 2016,{5EF5D7CE-D7EC-4C43-A69C-610DA5BC7998},CEGL007795,G159
GUCO014 - 2017,{8E877F21-7654-4C8A-94A2-2DAFABAACD30},CEGL008475,G165
GUCO014 - 2012,{6DF5C273-D5D4-41D1-B37B-82CF392206AB},CEGL008475,G165
KNOB011 - 2017,{89A45258-D396-4E55-A247-85B66FD5235B},CEGL002070,G601
KNOB011 - 2012,{C9E97A8D-C723-46A0-A529-1B2FA68C6097},CEGL002070,G601
MACA019 - 2013,{B3CB279B-855A-4556-BEA5-36E666C5FB11},CEGL005018,G159
MACA001 - 2016,{A3681F79-2079-4028-9975-3E947AD0AB8A},CEGL005022,G015
MACA001 - 2011,{56EFBB32-DF35-47C6-8173-47511171A081},CEGL005022,G015
MACA001Q - 2016,{7A95846F-9F56-4A80-A07A-D8A51088F59F},CEGL005022,G015
SHIL035 - 2013,{8F91F154-0845-4D77-A5ED-EBD60611DD22},CEGL007244,G159
RUCA015 - 2012,{8F6DBCB6-D99F-4859-AF82-75F3673801B2},CEGL002070,G601
RUCA015 - 2017,{68C1ED8C-1F99-4564-83D5-B7571FC373D6},CEGL002070,G601
SHIL033 - 2013,{95251CCD-8129-4A62-B2F0-F2D23BBE10B2},CEGL002427,G673
CHIC015 - 2014,{19391A13-64F8-4E1D-9C34-DE31FB4F2DD6},CEGL007247,G159
COWP022 - 2013,{E13D0666-822D-4DF5-B7FC-7432824CBC21},CEGL006327,G030
MACA043 - 2014,{81EAB802-34A9-4F9D-9E9E-3780B4CAC8F8},CEGL007795,G159
MACA061Q - 2017,{19533826-5954-4219-8656-93B45A85E3A9},CEGL007220,G030
MACA061 - 2017,{F3A83F1B-3D3D-4E21-BCAF-F5137E01F460},CEGL007220,G030
CUGA004 - 2016,{4895BC99-4BD1-4572-B776-698F434D8FF9},CEGL008558,G742
CUGA004 - 2011,{F36366D1-C1A4-4BAC-8B16-1F21036D7C8D},CEGL008558,G742
MACA027 - 2013,{CAA3CB67-A5D4-4EEC-A4EE-C05EB5C2A2D9},CEGL007795,G159
MACA027Q - 2013,{EA9D3935-62BA-4DFA-B764-67BAAB2F052C},CEGL007795,G159
RUCA017 - 2017,{612D8FF3-4408-4565-9954-1101F35DB64B},CEGL008431,G015
RUCA017 - 2012,{574F7549-9A28-4DA1-B1FB-01AC15A38611},CEGL008431,G015
MACA017 - 2017,{71CCC62C-E583-4AA8-A0E4-3C448A33FE63},CEGL004133,G030
MACA017 - 2012,{0F6AEE52-9730-4D64-8ADC-AA7B20DAF428},CEGL004133,G030
CHIC012 - 2013,{9399E14B-83B9-4E89-B2BF-3A20A0DB3096},CEGL007247,G159
HEIM012 - 2013,{5BD1D698-4615-41F1-8687-43B98D341A08},CEGL007246,G165
CARL018 - 2012,{5D909E40-AA9D-4899-8C17-42EF27F74060},CEGL006286,G015
CARL018 - 2017,{B81A2649-B970-46D4-827B-ABD4C45CEE81},CEGL006286,G015
COWP020 - 2017,{B81AF911-F809-413C-A77B-19E7C90C9A96},CEGL004418,G034
COWP020 - 2012,{57EB36ED-0AB3-4186-A5E3-7755887DA03E},CEGL004418,G034
LIRI012 - 2012,{1221D7DB-8E36-436E-81E1-2C7CBBDFDE56},CEGL007493,G012
LIRI012 - 2017,{6E5645F8-16AE-4AC1-9A5A-54DDADD50CC2},CEGL007493,G012
RUCA013 - 2017,{994B699B-1F1D-4F5D-B53A-6DE0B8DDDE77},CEGL007268,G015
RUCA013 - 2012,{3ACFD853-0FAC-40C8-B03F-A628BD058A18},CEGL007268,G015
CUGA006 - 2016,{66B23BDB-8E4A-45F2-869C-3AD9D86D0F33},CEGL007267,G015
CUGA006 - 2011,{E72C8166-A9ED-4F0A-A557-B1BBDB1115C1},CEGL007267,G015
SHIL028 - 2013,{965AF2DF-BAAB-4F93-8908-3BEF27AC6B97},CEGL007244,G159
LOOK015 - 2014,{9A250FBF-3B26-4220-9E6D-C17D769FB021},CEGL007700,G159
LIRI027 - 2013,{F970C67A-850D-4C4B-9CFD-4E6609FE24A5},CEGL007119,G012
CHIC002 - 2016,{47E3DE4D-80FA-4048-B4BB-5573896C0697},CEGL007808,G601
CHIC002Q - 2016,{93BF80AE-CD80-4866-9331-634383E20AE4},CEGL007808,G601
CHIC002 - 2011,{14E61B03-1A50-4FC7-8C96-C3642FBFE7C0},CEGL007808,G601
STRI008 - 2011,{D630D842-E35F-487B-B829-54A1FB7C7F50},CEGL007124,G030
STRI008 - 2016,{E5B9355F-6109-481D-AFD6-1A8A4E9C2B73},CEGL007124,G030
STRI008Q - 2011,{95A94F21-C685-48EC-B63F-52574313F121},CEGL007124,G030
KNOB019 - 2013,{4F059002-9EB8-4DD0-8476-84FAB0CD4508},CEGL002070,G601
GUCO012 - 2017,{167DBEB5-DA3E-40FD-94BB-1767BFEABB11},CEGL002591,G030
GUCO012 - 2012,{A0544851-F66F-4CC6-9C53-A773F7353C7F},CEGL002591,G030
KIMO004 - 2011,{649ED653-9247-4EF1-9559-3A83C695CAAC},CEGL008431,G015
KIMO004 - 2016,{37C95EC4-93E7-4DE0-9A99-C2E47963BBCF},CEGL008431,G015
CUGA027 - 2013,{900B2D1D-2673-4BB3-89D0-DD9DA150B9BA},CEGL007692,G165
SHIL026 - 2017,{80CC632F-EB22-4150-8AA2-CC6DF7EEAF8D},CEGL007246,G165
SHIL026 - 2012,{7951474E-941E-405A-A0D5-E2DC57E78D29},CEGL007246,G165
GUCO029 - 2013,{D382FA78-1B36-46B7-BD7E-6731E268D526},CEGL002591,G030
MACA006 - 2016,{32F9D73E-EFAA-433B-85C2-2ADAF7E7E14E},CEGL002070,G601
MACA006 - 2011,{841BA0A2-93E2-487F-9AFE-62B461357973},CEGL002070,G601
KIMO009 - 2011,{227BCAB7-B471-47D7-B01E-0B6CD02FCE67},CEGL006281,G015
KIMO009 - 2016,{24426A25-09E4-4EE2-8E4E-50508E3C5C74},CEGL006281,G015
CUGA011 - 2012,{6308EC6C-1512-48D2-A3DD-5FEE37E509DB},CEGL007692,G165
CUGA011 - 2017,{84807A1D-578E-4EBF-81F6-34BFB4549BB5},CEGL007692,G165
COWP025 - 2013,{A142E7A1-C498-4B98-BA8C-49CE2F702B95},CEGL006011,G031
CHIC010 - 2013,{2CA17071-F005-4FCB-9BE8-03E59AF56CF5},CEGL003807,G583
CHIC008 - 2012,{6E430B57-E3B6-468C-A0BF-CC9857F994A4},CEGL008443,G159
CHIC008 - 2017,{8297F31C-18F5-40D2-84C7-CA71B5D57D51},CEGL008443,G159
KNOB025 - 2014,{097BA3B3-6870-42CF-9950-D8E3C7305982},CEGL002411,G020