"event_ID","UnitCode","SubunitCode","panel_init_year","panel_label","HPexotic_species_present","exotic_species_present","summedExoticCoverPercent","summedHPECoverPercent","proportionExoticSppCover","relativePercentHPExoticSppCover","CEGL"
"{000CA06A-58DA-455F-9DCF-40BE4EA539C5}","SHIL","SHIL",2011,"2011-2013",2,2,3.17,3.17,0.02,2.06,"CEGL007246"
"{011FBFBA-7F1F-4F10-B304-605C8F932BD1}","MACA","MACA",2011,"2011-2013",3,3,0.94,0.94,8.25005903576416e-03,0.82,"CEGL005131"
"{015E0434-5E1F-43D8-BFC4-A6AC08A3C0CA}","ABLI","BIRT",2011,"2011-2012",5,5,19.92,19.92,0.08,8.90,"CEGL007220"
"{020A733C-04C1-4DC0-AAE9-11F725023F5B}","CARL","CARL",2016,"2016-2018",2,3,0.94,0.63,8.26278699070696e-03,0.55,"CEGL007267"
"{0291F050-0151-4EC7-90DD-41C4087C0499}","COWP","COWP",2011,"2011-2013",0,0,0.00,0.00,0.00,0.00,"CEGL007244"
"{02F841FF-EE38-4884-A9EE-8CAEFF0E225C}","FODO","DONE",2011,"2011-2013",2,2,0.32,0.32,1.88423000269589e-03,0.18,"CEGL002070"
"{030D6A9E-CD37-4D20-A22B-157E54FAB7EE}","LIRI","LIRI",2011,"2011-2013",1,1,0.01,0.01,8.04074858654393e-05,8.04074858654393e-03,"CEGL007244"
"{030FBECA-BEFD-4D29-B972-DA9F32E0A986}","KIMO","KIMO",2016,"2016-2018",1,1,0.01,0.01,6.15491839180863e-05,6.15491839180863e-03,"CEGL004418"
"{0312D7F5-A493-4B27-9522-3A57FF4B1A34}","RUCA","RUCA",2011,"2011-2013",0,0,0.00,0.00,0.00,0.00,"CEGL007233"
"{03243396-6A3F-441E-A3D7-930AD0A0DDDC}","LIRI","LIRI",2016,"2016-2018",0,0,0.00,0.00,0.00,0.00,"CEGL008430"
"{04E57768-7CB0-4F67-AE1B-55927DFEFF1A}","RUCA","RUCA",2016,"2016-2018",0,0,0.00,0.00,0.00,0.00,"CEGL008431"
"{0576908D-D9AD-4CE5-8188-5EEFD28A037B}","CHCH","CHIC",2011,"2011-2013",5,6,1.28,1.27,9.96434734867766e-03,0.98,"CEGL007699"
"{05D29808-9FCC-4C6C-9954-A1E6B0CCE432}","STRI","STRI",2016,"2016-2018",4,6,5.22,4.90,0.04,3.83,"CEGL007699"
"{07AC476C-A1AC-4354-9AA3-F05CB7972C56}","STRI","STRI",2011,"2011-2013",2,2,2.82,2.82,0.02,2.15,"CEGL007699"
"{086DF071-7B53-4AAC-B398-C78476AD8E48}","SHIL","SHIL",2016,"2016-2018",5,6,4.13,3.81,0.02,2.73,"CEGL007216"
"{08BCA74D-D44B-4F6D-9709-2050A237FAED}","CHCH","LOOK",2011,"2011-2014",5,6,37.42,37.41,0.26,26.25,"CEGL007330"
"{08F90BCE-DF83-4796-9DA9-4023E30C8594}","RUCA","RUCA",2011,"2011-2013",4,5,2.37,2.05,0.01,1.57,"CEGL008442"
"{095EC630-E05E-4FA4-B1AB-7C3FC9701FF2}","STRI","STRI",2016,"2016-2018",3,4,8.81,8.80,0.08,8.96,"CEGL003938"
"{0ADF7F39-A9EA-4F89-8A34-F50E268CD1D0}","RUCA","RUCA",2016,"2016-2018",0,0,0.00,0.00,0.00,0.00,"CEGL007268"
"{0B298B64-2215-43E5-A2ED-19DB82DE9DA8}","CARL","CARL",2011,"2011-2013",0,0,0.00,0.00,0.00,0.00,"CEGL006271"
"{0BE7EBED-E888-4AFB-9A6E-41DEF0590C81}","STRI","STRI",2016,"2016-2018",2,5,5.21,4.57,0.03,2.97,"CEGL007124"
"{0C0CA7DC-3126-4C49-A1D3-CE2289981F3B}","LIRI","LIRI",2011,"2011-2013",0,0,0.00,0.00,0.00,0.00,"CEGL008431"
"{0C4B5792-083B-4C7A-BEC4-2F102803BCDD}","MACA","MACA",2011,"2011-2013",2,2,0.32,0.32,2.24791034888551e-03,0.22,"CEGL008442"
"{0C8AB79A-6B7C-4AA5-AA26-B88214D150F2}","LIRI","LIRI",2011,"2011-2013",1,2,1.73,1.41,9.00731015879736e-03,0.73,"CEGL007500"
"{0CBE8039-50EB-4D03-A463-136E6239F199}","CHCH","CHIC",2011,"2011-2013",3,3,3.14,3.14,0.02,2.87,"CEGL007247"
"{0CEDDF2D-AD17-4E49-B55B-87F208A8AEAD}","MACA","MACA",2011,"2011-2013",2,2,1.42,1.42,7.73938199587143e-03,0.77,"CEGL005018"
"{0D1F00B9-6A4D-4D85-AFDB-9B248E609C18}","ABLI","KNOB",2011,"2011-2013",0,0,0.00,0.00,0.00,0.00,"CEGL002411"
"{0D2FF3F3-554B-486D-8EBE-B5AE69367154}","CHCH","LOOK",2016,"2016-2018",7,7,5.85,5.85,0.03,3.60,"CEGL007700"
"{0E0A2123-72E8-4CB8-ABCB-22FA643CFA4D}","SHIL","SHIL",2016,"2016-2018",0,0,0.00,0.00,0.00,0.00,"CEGL007246"
"{0E570ADF-85CD-46B1-918E-D6CAF823B068}","MACA","MACA",2016,"2016-2018",1,1,0.31,0.31,2.27169073101774e-03,0.22,"CEGL008442"
"{0EC9027B-86C6-4E5C-9CEC-069E031AD414}","NISI","NISI",2016,"2016-2018",4,5,64.69,64.38,0.35,35.60,"CEGL008462"
"{0F48FF06-C0DA-4695-855D-9DF779C9189D}","STRI","STRI",2016,"2016-2018",5,8,4.41,3.47,0.04,3.25,"CEGL007808"
"{0F6AEE52-9730-4D64-8ADC-AA7B20DAF428}","MACA","MACA",2011,"2011-2013",4,4,4.59,4.59,0.02,2.69,"CEGL004133"
"{0F953CEB-F7EA-4801-99CB-BB3D1D06C504}","NISI","NISI",2016,"2016-2018",5,5,0.96,0.96,0.01,1.00,"CEGL008462"
"{1013A9FD-F7BD-4C9F-B410-FBCB7FE07E5B}","LIRI","LIRI",2016,"2016-2018",0,0,0.00,0.00,0.00,0.00,"CEGL008431"
"{1074D859-E1C5-4E9E-9CC2-E394F876C1E4}","COWP","COWP",2016,"2016-2018",0,0,0.00,0.00,0.00,0.00,"CEGL007244"
"{11635730-D27A-455E-8435-421FF92C89C3}","KIMO","KIMO",2011,"2011-2013",0,0,0.00,0.00,0.00,0.00,"CEGL006281"
"{11BBA951-78BF-4820-A399-D913947B338D}","COWP","COWP",2016,"2016-2018",3,3,2.04,2.04,8.86381196422764e-03,0.88,"CEGL007221"
"{11CB3732-7FF0-4C3C-9130-20C54CF661CD}","COWP","COWP",2011,"2011-2013",0,0,0.00,0.00,0.00,0.00,"CEGL007244"
"{11E072D1-F28F-4309-9108-BAF189A124DB}","SHIL","SHIL",2011,"2011-2013",1,1,0.31,0.31,1.88408620654578e-03,0.18,"CEGL007246"
"{1221D7DB-8E36-436E-81E1-2C7CBBDFDE56}","LIRI","LIRI",2011,"2011-2013",0,0,0.00,0.00,0.00,0.00,"CEGL007493"
"{1252E3EF-C9BF-4D20-9ED4-D36B5BF1ED04}","CUGA","CUGA",2011,"2011-2013",0,0,0.00,0.00,0.00,0.00,"CEGL006271"
"{1267D752-8047-407C-8860-AEA976DF974E}","MACA","MACA",2016,"2016-2018",3,3,8.80,8.80,0.08,8.29,"CEGL007121"
"{127674C7-E28E-433E-ACC9-75E513A60442}","RUCA","RUCA",2016,"2016-2018",2,2,0.32,0.32,1.9357226018735e-03,0.19,"CEGL008442"
"{12B27D36-0D0D-405D-BCCC-B513AD4A2EBE}","CARL","CARL",2011,"2011-2013",0,0,0.00,0.00,0.00,0.00,"CEGL006286"
"{13A88573-4AF9-4081-BBCC-72DADE1767E9}","COWP","COWP",2011,"2011-2013",6,8,102.29,102.27,0.57,57.00,"CEGL007216"
"{1452354A-0AE1-4C6F-AB61-574104701A4E}","NISI","NISI",2011,"2011-2013",3,3,0.64,0.64,6.70233074083213e-03,0.67,"CEGL004638"
"{14E61B03-1A50-4FC7-8C96-C3642FBFE7C0}","CHCH","CHIC",2011,"2011-2013",1,1,1.41,1.41,0.01,1.24,"CEGL007808"
"{16258A7F-175B-46A1-AE35-9DB7D2D7202B}","GUCO","GUCO",2016,"2016-2018",6,7,2.08,2.07,0.02,2.16,"CEGL008475"
"{1674C624-C4C2-401A-B879-7E3987B590DC}","ABLI","KNOB",2011,"2011-2013",3,3,3.14,3.14,0.02,2.16,"CEGL002070"
"{167DBEB5-DA3E-40FD-94BB-1767BFEABB11}","GUCO","GUCO",2016,"2016-2018",4,5,2.67,2.36,0.01,1.20,"CEGL002591"
"{17499588-9056-40A1-A1D4-6721DEA0F7C0}","MACA","MACA",2016,"2016-2018",0,0,0.00,0.00,0.00,0.00,"CEGL007795"
"{178E4891-23ED-42CE-A46D-F0A0388BF25F}","KIMO","KIMO",2011,"2011-2013",0,0,0.00,0.00,0.00,0.00,"CEGL008475"
"{18097CDD-317C-4849-AEC4-3F106D56C816}","KIMO","KIMO",2011,"2011-2013",0,0,0.00,0.00,0.00,0.00,"CEGL008431"
"{18672263-C3E9-4BCA-AC37-D3049170290E}","CARL","CARL",2016,"2016-2018",0,0,0.00,0.00,0.00,0.00,"CEGL006286"
"{1902E728-86BD-4A84-9AA8-89F328C08467}","CUGA","CUGA",2011,"2011-2013",0,0,0.00,0.00,0.00,0.00,"CEGL007240"
"{192D8F0B-0098-4B89-A511-8879AB812F59}","COWP","COWP",2011,"2011-2013",2,5,2.67,0.63,0.02,0.48,"CEGL006327"
"{195BCAD3-A6B0-4E9E-9E3B-F1AEFFFD04D1}","MACA","MACA",2016,"2016-2018",1,1,0.01,0.01,7.86009304230593e-05,7.86009304230593e-03,"CEGL002411"
"{1ABB13ED-133A-43B9-8879-AFA3EF51CE71}","ABLI","BIRT",2016,"2016-2017",3,4,3.80,3.79,0.04,4.10,"CEGL007220"
"{1AF80B35-EF9F-49D7-828A-17C837617936}","RUCA","RUCA",2016,"2016-2018",1,1,1.41,1.41,0.01,1.02,"CEGL002070"
"{1C0ACA11-A5CB-4D02-A02E-E78628E6E6B3}","CUGA","CUGA",2016,"2016-2018",0,0,0.00,0.00,0.00,0.00,"CEGL006271"
"{1C2977BD-36DF-4A12-BC2F-A062DFEFF17B}","SHIL","SHIL",2011,"2011-2013",0,0,0.00,0.00,0.00,0.00,"CEGL007881"
"{1C6DAB15-B6F6-4004-A9C0-484855269F61}","ABLI","KNOB",2016,"2016-2018",1,1,0.31,0.31,2.24361542780312e-03,0.22,"CEGL002070"
"{1D557FDE-4C66-4B8C-9965-39C9301D969B}","KIMO","KIMO",2016,"2016-2018",0,0,0.00,0.00,0.00,0.00,"CEGL007216"
"{1DE6BBE8-8A73-4ECB-BAF6-64D371924B0F}","STRI","STRI",2016,"2016-2018",4,14,10.17,6.65,0.08,5.38,"CEGL007124"
"{1E907471-A11F-467D-8772-160587FAD15B}","CHCH","CHIC",2016,"2016-2018",2,3,0.33,0.32,2.61649856638801e-03,0.25,"CEGL007808"
"{1EFFC91C-1693-4A6B-A59C-8B84FDCF52CF}","SHIL","SHIL",2011,"2011-2013",0,0,0.00,0.00,0.00,0.00,
"{1F3B818A-CE31-4CE1-9C6B-BB44BB8E63E5}","LIRI","LIRI",2011,"2011-2013",3,3,0.64,0.64,4.30770258040207e-03,0.43,"CEGL004098"
"{20600E76-6E29-4DB7-92B4-267CE5C809B7}","LIRI","LIRI",2016,"2016-2018",0,0,0.00,0.00,0.00,0.00,"CEGL006011"
"{20AC85E6-EB7B-4631-A939-7C13E41DBE96}","STRI","STRI",2011,"2011-2013",7,7,8.35,8.35,0.07,7.56,"CEGL007124"
"{20B9460F-0E16-4E1D-B652-EBA8BD8B8729}","LIRI","LIRI",2011,"2011-2013",0,0,0.00,0.00,0.00,0.00,"CEGL008430"
"{20C8271A-133B-4732-9D0D-0F410B55AD6D}","FODO","HEIM",2016,"2016-2018",2,2,1.42,1.42,0.01,1.17,"CEGL007246"
"{2119F8BC-59AC-4CA5-A4F7-DBA7871A40B8}","NISI","NISI",2016,"2016-2018",3,3,0.94,0.94,8.99995441871006e-03,0.89,"CEGL008462"
"{21322C68-0B27-4608-92E2-07CBAD51737F}","ABLI","BIRT",2016,"2016-2017",6,7,11.50,11.49,0.06,6.85,"CEGL007220"
"{21849A8E-65FA-4BBC-8913-504B60A671C1}","GUCO","GUCO",2011,"2011-2013",5,7,2.87,1.45,0.02,1.44,"CEGL002591"
"{21C518BB-3C96-4A4A-B36C-D046188F660F}","MACA","MACA",2016,"2016-2018",0,0,0.00,0.00,0.00,0.00,"CEGL007795"
"{21D1D93F-10EB-42F4-BA1B-C4C97A3D2665}","LIRI","LIRI",2011,"2011-2013",0,0,0.00,0.00,0.00,0.00,"CEGL007244"
"{22647B09-6E67-4AE5-9913-45FAE09A03AA}","SHIL","SHIL",2011,"2011-2013",0,0,0.00,0.00,0.00,0.00,"CEGL007244"
"{227BCAB7-B471-47D7-B01E-0B6CD02FCE67}","KIMO","KIMO",2011,"2011-2013",0,0,0.00,0.00,0.00,0.00,"CEGL006281"
"{2299F950-4848-4E62-991E-B49E658FA92F}","KIMO","KIMO",2016,"2016-2018",0,0,0.00,0.00,0.00,0.00,"CEGL007244"
"{22A6DC8A-0E57-4498-A169-AE7AC0CD5CFB}","KIMO","KIMO",2011,"2011-2013",0,0,0.00,0.00,0.00,0.00,"CEGL006281"
"{22D057CB-F9A6-45D4-8A49-603E26A55307}","SHIL","SHIL",2011,"2011-2013",1,2,0.32,0.31,1.97117364088394e-03,0.19,"CEGL007246"
"{22E4D55E-0093-481D-BAD1-C7C7A32758E4}","CUGA","CUGA",2011,"2011-2013",0,1,0.01,0.00,1.16754481570356e-04,0.00,"CEGL007240"
"{2327C15B-FB62-4671-8FAE-0C12309000B2}","LIRI","LIRI",2016,"2016-2018",0,0,0.00,0.00,0.00,0.00,"CEGL007500"
"{23E87295-91ED-499D-8517-2357F714572F}","FODO","DONE",2011,"2011-2013",2,2,3.17,3.17,0.01,1.87,"CEGL002070"
"{24426A25-09E4-4EE2-8E4E-50508E3C5C74}","KIMO","KIMO",2016,"2016-2018",0,0,0.00,0.00,0.00,0.00,"CEGL006281"
"{2466B77A-7769-4008-A3F5-FB7D23DBF1FC}","MACA","MACA",2011,"2011-2013",2,2,0.32,0.32,3.03959187906645e-03,0.30,"CEGL005018"
"{256AC452-2806-4CD8-B540-B8874A38FB1C}","SHIL","SHIL",2011,"2011-2013",0,0,0.00,0.00,0.00,0.00,"CEGL007795"
"{256E7EA0-297A-4A83-B732-2D83ED3F19BA}","NISI","NISI",2011,"2011-2013",4,4,9.11,9.11,0.05,5.57,"CEGL008462"
"{2606AD30-F88E-4670-934A-A8222EB485B8}","SHIL","SHIL",2011,"2011-2013",2,2,3.47,3.47,0.02,2.32,"CEGL007246"
"{26EFAF9B-B45C-42B1-BFCB-1B64D3C2C204}","FODO","DONE",2011,"2011-2013",6,6,16.50,16.50,0.09,9.02,"CEGL003871"
"{273A11A1-C9C7-400A-B1EA-69AF900E36FF}","SHIL","SHIL",2011,"2011-2013",3,3,0.64,0.64,4.28581222474144e-03,0.42,"CEGL002067"
"{27496762-D228-491C-ACFA-96E58C50FFA4}","CUGA","CUGA",2016,"2016-2018",0,0,0.00,0.00,0.00,0.00,"CEGL006271"
"{2782AFD9-B272-487F-B4B1-A13D49621EB0}","GUCO","GUCO",2011,"2011-2013",6,8,17.41,17.08,0.12,12.06,"CEGL007221"
"{28F7BFE0-33CB-41D4-904A-C19266E0D889}","LIRI","LIRI",2011,"2011-2013",0,0,0.00,0.00,0.00,0.00,"CEGL007500"
"{295E9575-5891-407A-BC9E-599F26C4F980}","MACA","MACA",2016,"2016-2018",2,2,3.17,3.17,0.02,2.13,"CEGL008442"
"{29858B41-2579-4C73-9603-B40C8048E708}","CHCH","CHIC",2011,"2011-2013",4,5,1.76,1.75,0.01,1.85,"CEGL007808"
"{2A2F8D2F-EC34-415B-8175-484087B06E03}","ABLI","BIRT",2011,"2011-2012",7,9,7.61,7.29,0.05,5.02,"CEGL007124"
"{2A6C745A-6F32-411D-A2AF-CA6F7F44FA5E}","LIRI","LIRI",2016,"2016-2018",0,0,0.00,0.00,0.00,0.00,"CEGL007500"
"{2B733CA6-5976-4CDE-906D-DCA3822097D0}","SHIL","SHIL",2011,"2011-2013",0,0,0.00,0.00,0.00,0.00,"CEGL007244"
"{2B744B6D-4D8E-42FF-A472-C74A05641C15}","GUCO","GUCO",2016,"2016-2018",7,7,10.24,10.24,0.04,4.84,"CEGL008465"
"{2BA46398-CE27-4CB8-B303-1E520FA927D8}","MACA","MACA",2011,"2011-2013",0,0,0.00,0.00,0.00,0.00,"CEGL007795"
"{2BA938C0-BE54-4C03-A049-05E09D962415}","MACA","MACA",2016,"2016-2018",0,0,0.00,0.00,0.00,0.00,"CEGL007795"
"{2CA17071-F005-4FCB-9BE8-03E59AF56CF5}","CHCH","CHIC",2011,"2011-2013",8,9,98.91,98.90,0.71,71.47,"CEGL003807"
"{2CB705B9-4D7B-4598-8283-5CDC5BC74466}","CUGA","CUGA",2011,"2011-2013",0,0,0.00,0.00,0.00,0.00,"CEGL007267"
"{2DD48421-3954-4F5B-90CA-434C2282B8C8}","GUCO","GUCO",2011,"2011-2013",2,5,5.21,4.57,0.03,2.96,"CEGL008462"
"{2E8AAFDF-5512-433C-A7C5-D94AC37C54DD}","CHCH","LOOK",2011,"2011-2014",4,5,61.58,61.57,0.41,41.50,"CEGL007334"
"{2F4BE918-3CE6-4A47-913B-57B4084C1B07}","STRI","STRI",2011,"2011-2013",5,5,13.72,13.72,0.05,5.02,"CEGL007124"
"{306026FB-BD50-4420-B243-22D7B9D8FCAB}","ABLI","BIRT",2011,"2011-2012",4,4,20.39,20.39,0.13,13.22,"CEGL007220"
"{30921F30-5456-4878-99CC-C0DEC0412973}","SHIL","SHIL",2011,"2011-2013",1,1,1.41,1.41,0.01,1.03,"CEGL007881"
"{3134AC0D-E52C-4350-94AB-9EA129F5BB01}","ABLI","BIRT",2011,"2011-2012",6,6,7.28,7.28,0.05,5.63,"CEGL004741"
"{319C93AD-DD22-4991-987F-592DC18FF381}","STRI","STRI",2016,"2016-2018",4,5,5.52,5.20,0.03,3.58,"CEGL007124"
"{32D6562A-1D80-45FA-8701-E1C814288DD2}","KIMO","KIMO",2011,"2011-2013",0,0,0.00,0.00,0.00,0.00,"CEGL006281"
"{32F9D73E-EFAA-433B-85C2-2ADAF7E7E14E}","MACA","MACA",2016,"2016-2018",3,3,2.04,2.04,0.01,1.47,"CEGL002070"
"{3310AF53-F516-4D7E-B7C9-845F12FB4818}","KIMO","KIMO",2011,"2011-2013",1,1,0.01,0.01,1.58440266987166e-04,0.01,"CEGL007221"
"{34922D56-7A9E-4E43-9288-34A803E82755}","KIMO","KIMO",2011,"2011-2013",0,0,0.00,0.00,0.00,0.00,"CEGL007244"
"{35A4F14F-9DAB-4E85-9170-50E46FB1B431}","COWP","COWP",2016,"2016-2018",5,13,10.43,4.56,0.15,6.67,"CEGL006011"
"{36107B40-A8D1-4E5F-8C6B-A617D9BFBDA6}","COWP","COWP",2011,"2011-2013",4,5,13.37,13.06,0.09,8.85,"CEGL007221"
"{368A910C-7F6D-4496-AC0A-7FCC7F7B0296}","KIMO","KIMO",2016,"2016-2018",0,0,0.00,0.00,0.00,0.00,"CEGL008431"
"{36E69BF9-E35C-40D6-B3E7-C2EC471C55DC}","GUCO","GUCO",2011,"2011-2013",6,8,0.99,0.67,7.89345857205022e-03,0.53,"CEGL007221"
"{37C95EC4-93E7-4DE0-9A99-C2E47963BBCF}","KIMO","KIMO",2016,"2016-2018",0,0,0.00,0.00,0.00,0.00,"CEGL008431"
"{383D057C-AFA1-4A72-9291-024513FA74AA}","COWP","COWP",2016,"2016-2018",3,7,1.60,0.64,0.01,0.48,"CEGL006327"
"{3861EC9F-37AC-49D1-9681-E1EDD116D647}","NISI","NISI",2016,"2016-2018",3,3,2.04,2.04,0.02,2.13,"CEGL008462"
"{389F5D8E-933A-4FFD-ADBC-0B5FB626B7E3}","STRI","STRI",2011,"2011-2013",5,5,4.87,4.87,0.03,3.30,"CEGL007808"
"{3975EF97-5A06-49C2-AAE5-45AEB18AFE08}","GUCO","GUCO",2016,"2016-2018",7,7,2.69,2.69,0.02,2.13,"CEGL007221"
"{3A395CFC-6DFA-4F53-8AB6-36DFE729E139}","MACA","MACA",2011,"2011-2013",2,3,0.94,0.63,5.43436791464199e-03,0.36,"CEGL008442"
"{3A9D7B47-A973-4938-A20B-2607C8EB5BD0}","RUCA","RUCA",2016,"2016-2018",3,3,0.64,0.64,5.87446827201109e-03,0.58,"CEGL008442"
"{3AAD94CC-6A24-4B58-BC72-244BA116CA60}","SHIL","SHIL",2016,"2016-2018",0,2,1.42,0.00,0.01,0.00,"CEGL007246"
"{3ACFD853-0FAC-40C8-B03F-A628BD058A18}","RUCA","RUCA",2011,"2011-2013",1,1,1.41,1.41,0.01,1.01,"CEGL007268"
"{3CA90772-9004-4DD2-BAC8-DC424F1AEDAD}","MACA","MACA",2016,"2016-2018",5,5,2.06,2.06,0.01,1.33,"CEGL004133"
"{3DD1CF17-331C-4B9E-A228-ADD21F9119BE}","CARL","CARL",2016,"2016-2018",0,0,0.00,0.00,0.00,0.00,"CEGL007519"
"{3DDE18EA-105F-4345-842F-CFF941772B36}","RUCA","RUCA",2011,"2011-2013",1,1,1.41,1.41,0.01,1.35,"CEGL008442"
"{3EEC881D-10DC-4D46-8D3A-5B848ADFB06C}","NISI","NISI",2011,"2011-2013",3,3,0.94,0.94,8.99097744494069e-03,0.89,"CEGL008462"
"{400CBE71-66A1-4C4B-AA7B-5B967C2CAC2F}","FODO","DONE",2016,"2016-2018",6,6,2.68,2.68,0.02,2.65,"CEGL003871"
"{403C3D38-2ECD-4C71-97F9-C348AF5191AA}","CHCH","LOOK",2016,"2016-2018",0,0,0.00,0.00,0.00,0.00,"CEGL007700"
"{404C2B3C-7330-4AF4-89D8-14F66FD03549}","ABLI","KNOB",2011,"2011-2013",2,3,0.03,0.02,1.6566364058471e-04,0.01,"CEGL002070"
"{407346DA-F783-4D23-A978-7D2F3C9E7DD4}","CHCH","LOOK",2011,"2011-2014",6,7,10.06,9.75,0.05,5.64,"CEGL007700"
"{40C0F7C9-11E9-41B5-80F3-3E463D0CD7AF}","ABLI","BIRT",2016,"2016-2017",9,10,8.24,7.92,0.06,6.01,"CEGL007220"
"{415D2433-D53A-4334-BA9B-8506BF43569D}","LIRI","LIRI",2011,"2011-2013",0,0,0.00,0.00,0.00,0.00,"CEGL008430"
"{4198EC80-F1E1-4BEB-941E-E25F291B0E71}","SHIL","SHIL",2011,"2011-2013",3,3,62.96,62.96,0.40,40.93,"CEGL007216"
"{42398E21-E9F9-47E5-991C-C4F0AFDD252F}","ABLI","KNOB",2016,"2016-2018",6,6,2.68,2.68,0.01,1.99,"CEGL002070"
"{4250809D-20A0-40A5-818B-F4D4845C1F00}","GUCO","GUCO",2011,"2011-2013",9,10,7.62,7.61,0.05,5.35,"CEGL007221"
"{43029CE4-1408-41A0-9548-A94575369B38}","FODO","HEIM",2016,"2016-2018",2,2,0.02,0.02,1.9218431684136e-04,0.01,"CEGL007881"
"{436164E2-ED6A-41FD-A669-5D4E11317D18}","LIRI","LIRI",2016,"2016-2018",0,0,0.00,0.00,0.00,0.00,"CEGL007388"
"{4485504D-D3BE-480F-89E1-4FAA7EB54897}","STRI","STRI",2016,"2016-2018",5,7,6.98,6.66,0.05,5.42,"CEGL003938"
"{44B7A683-D0A7-421C-A58E-A09BC05C7585}","COWP","COWP",2016,"2016-2018",3,4,3.46,3.14,0.02,2.20,"CEGL007221"
"{45767DCA-E8BB-4242-9248-0CB15CB842D2}","KIMO","KIMO",2016,"2016-2018",0,0,0.00,0.00,0.00,0.00,"CEGL006281"
"{457D0AB4-F3E0-4023-A76D-2D00F36003B7}","CHCH","CHIC",2016,"2016-2018",3,3,99.19,99.19,0.45,45.30,"CEGL008429"
"{457FCC01-0CE2-4E1B-AE46-83A09997DF6B}","CHCH","LOOK",2016,"2016-2018",6,7,40.27,40.26,0.30,30.33,"CEGL007330"
"{45DAFBA2-CF88-42A1-8B4D-7EF0A76FE229}","LIRI","LIRI",2011,"2011-2013",0,1,0.01,0.00,1.02377553936509e-04,0.00,"CEGL007493"
"{46254450-BF65-40F8-BED8-3F17B394668A}","STRI","STRI",2016,"2016-2018",5,6,1.28,1.27,8.82527273504646e-03,0.87,"CEGL007808"
"{463F0DA3-4A01-4431-8C30-4A2DAAF7CB07}","CARL","CARL",2011,"2011-2013",0,0,0.00,0.00,0.00,0.00,"CEGL007519"
"{4693EE4A-E8DF-4C18-96C7-E303BC8EBB6F}","CUGA","CUGA",2011,"2011-2013",0,0,0.00,0.00,0.00,0.00,"CEGL007296"
"{477CD303-6357-4624-84ED-AC2659098891}","CHCH","CHIC",2016,"2016-2018",5,5,85.67,85.67,0.53,53.31,"CEGL008429"
"{47C33567-BF3D-42D7-BAFD-9446A6D7C4A8}","ABLI","BIRT",2016,"2016-2017",5,6,2.38,2.37,0.02,2.10,"CEGL007220"
"{47E3DE4D-80FA-4048-B4BB-5573896C0697}","CHCH","CHIC",2016,"2016-2018",2,2,0.63,0.63,7.34749361130607e-03,0.73,"CEGL007808"
"{4895BC99-4BD1-4572-B776-698F434D8FF9}","CUGA","CUGA",2016,"2016-2018",0,0,0.00,0.00,0.00,0.00,"CEGL008558"
"{48C9DD43-F639-4E1B-81E6-E6B35E85CC7C}","RUCA","RUCA",2016,"2016-2018",0,0,0.00,0.00,0.00,0.00,"CEGL008431"
"{4AA928B8-D15B-4B46-8BEA-E4A40BF067B6}","CHCH","LOOK",2011,"2011-2014",4,4,0.34,0.34,4.14692305131801e-03,0.41,"CEGL007700"
"{4BE7007C-2F71-41A0-A9F5-F028D3917790}","COWP","COWP",2016,"2016-2018",1,1,0.31,0.31,1.92874487732986e-03,0.19,"CEGL004418"
"{4BF1D04A-452E-4495-BA3F-C63A9EF0372C}","STRI","STRI",2011,"2011-2013",4,4,4.25,4.25,0.02,2.77,"CEGL007808"
"{4C9E71DB-89E3-4D67-95E4-BD90528BB505}","CARL","CARL",2011,"2011-2013",0,0,0.00,0.00,0.00,0.00,"CEGL006286"
"{4CE339A2-DBEB-4322-8DB3-E0EBC1FBEBD7}","GUCO","GUCO",2011,"2011-2013",1,2,0.02,0.01,1.32914511836642e-04,6.64572559183211e-03,"CEGL008475"
"{4D2041BF-DB1F-4739-8448-20ED3DFEB32D}","KIMO","KIMO",2011,"2011-2013",0,0,0.00,0.00,0.00,0.00,"CEGL007244"
"{4D947B44-B4D8-41AF-889E-630C904F8809}","GUCO","GUCO",2011,"2011-2013",2,2,0.63,0.63,4.5519772861883e-03,0.45,"CEGL006327"
"{4DB597DB-8A01-4500-9FDD-3937B5D87F4C}","FODO","HEIM",2016,"2016-2018",1,1,0.31,0.31,2.6456033039096e-03,0.26,"CEGL007246"
"{4DD48023-41FA-48C0-9F6A-110E29A9865C}","CARL","CARL",2011,"2011-2013",0,0,,,,,"CEGL007267"
"{4E03B655-4EEE-40C2-895E-019D1BF71CCA}","MACA","MACA",2011,"2011-2013",1,1,0.31,0.31,2.15657647877738e-03,0.21,"CEGL008442"
"{4F059002-9EB8-4DD0-8476-84FAB0CD4508}","ABLI","KNOB",2011,"2011-2013",2,2,0.32,0.32,2.08934444009114e-03,0.20,"CEGL002070"
"{4F4713C5-E4A5-4765-9E91-EFB7D05A89A6}","NISI","NISI",2016,"2016-2018",3,3,0.64,0.64,6.81997589916412e-03,0.68,"CEGL008466"
"{4F8AEF65-7F29-4DE5-A2AE-A07EC9886C24}","SHIL","SHIL",2011,"2011-2013",3,3,0.94,0.94,4.94162353784848e-03,0.49,"CEGL007216"
"{4FA291EE-9DCD-415C-AEC2-3897F51A8BC1}","KIMO","KIMO",2016,"2016-2018",0,0,0.00,0.00,0.00,0.00,"CEGL007244"
"{4FB15F89-E4C6-421A-8F7F-17858DA9D657}","LIRI","LIRI",2011,"2011-2013",0,0,0.00,0.00,0.00,0.00,"CEGL007493"
"{500BBA04-8ED9-4B03-ADF5-BEE8D1C496F3}","GUCO","GUCO",2016,"2016-2018",7,9,2.41,2.08,0.02,2.03,"CEGL007221"
"{500CB846-DB96-4DB6-91FE-6E348FE4CF06}","KIMO","KIMO",2011,"2011-2013",0,0,0.00,0.00,0.00,0.00,"CEGL007244"
"{51448E0C-3F12-4F37-9486-7EE5B897A2D8}","ABLI","BIRT",2016,"2016-2017",8,9,6.48,6.16,0.04,4.29,"CEGL004741"
"{5161075F-C26E-4937-9FE0-45248B5A63B7}","RUCA","RUCA",2011,"2011-2013",0,0,0.00,0.00,0.00,0.00,"CEGL007268"
"{517A0FA5-CC88-41E6-B53C-450AAF0CD932}","CHCH","CHIC",2016,"2016-2018",1,1,0.31,0.31,2.22971169061771e-03,0.22,"CEGL007247"
"{518B4302-A9B7-4EB9-BAB0-390B64E7E494}","LIRI","LIRI",2011,"2011-2013",0,0,0.00,0.00,0.00,0.00,"CEGL007244"
"{51C90FDC-6B40-4FEC-95E3-C89FFE67C864}","CARL","CARL",2011,"2011-2013",1,2,0.02,0.01,1.44588972359674e-04,7.22944861798372e-03,"CEGL007230"
"{520DAD2F-A2E6-47AE-8F12-9F12AB0CCD58}","COWP","COWP",2016,"2016-2018",3,4,3.19,3.18,0.03,3.19,"CEGL006327"
"{5224FA2E-14BB-4F2C-BEDF-17D87B9148B9}","MACA","MACA",2011,"2011-2013",2,2,0.02,0.02,1.10668116265411e-04,0.01,"CEGL002411"
"{5284BA12-8F05-4C66-9E31-F231DF1DB105}","CUGA","CUGA",2016,"2016-2018",0,0,0.00,0.00,0.00,0.00,"CEGL007267"
"{53922368-818A-452A-BF18-2D257A4B646D}","RUCA","RUCA",2011,"2011-2013",0,0,0.00,0.00,0.00,0.00,"CEGL007233"
"{54B9DEBD-F59E-4CA8-BCD1-B303B4C1F173}","STRI","STRI",2011,"2011-2013",5,9,8.98,8.02,0.06,5.98,"CEGL007124"
"{552C47C2-EA2F-4525-B9C6-53A74E89D3F3}","RUCA","RUCA",2016,"2016-2018",2,2,0.32,0.32,2.50693145589606e-03,0.25,"CEGL002070"
"{557397DC-82A4-4B13-AC23-745912A25B83}","CHCH","CHIC",2011,"2011-2013",2,2,0.63,0.63,5.10422943954466e-03,0.51,"CEGL007247"
"{5578440F-DAF5-4F51-9D6E-91FE76D94A98}","FODO","HEIM",2016,"2016-2018",1,2,0.32,0.01,2.79114755821937e-03,8.55582463840709e-03,"CEGL007246"
"{56481D04-3F0B-4D03-A1D9-3E367222F526}","LIRI","LIRI",2011,"2011-2013",0,0,0.00,0.00,0.00,0.00,"CEGL006011"
"{56628658-9536-474B-8F04-3B27DB520ED6}","CARL","CARL",2011,"2011-2013",0,0,0.00,0.00,0.00,0.00,"CEGL007519"
"{56E30A9C-7C8A-4ADC-8A4F-878AEB25B152}","ABLI","BIRT",2011,"2011-2012",5,6,8.03,7.72,0.03,3.53,"CEGL007220"
"{56EFBB32-DF35-47C6-8173-47511171A081}","MACA","MACA",2011,"2011-2013",0,0,0.00,0.00,0.00,0.00,"CEGL005022"
"{574F7549-9A28-4DA1-B1FB-01AC15A38611}","RUCA","RUCA",2011,"2011-2013",0,0,0.00,0.00,0.00,0.00,"CEGL008431"
"{57A2DDB1-40F0-4C24-B16A-EF8E9DCBC0A4}","CHCH","LOOK",2011,"2011-2014",2,2,0.63,0.63,4.00480098174306e-03,0.40,"CEGL008430"
"{57BC485A-0752-42D7-AC59-33605C8DD48D}","NISI","NISI",2016,"2016-2018",4,4,3.80,3.80,0.04,4.49,"CEGL008462"
"{57EB36ED-0AB3-4186-A5E3-7755887DA03E}","COWP","COWP",2011,"2011-2013",1,1,1.41,1.41,7.97248352163604e-03,0.79,"CEGL004418"
"{589706A1-8D89-49B4-8279-775A28FFDFDD}","COWP","COWP",2011,"2011-2013",2,2,3.47,3.47,0.03,3.07,"CEGL006327"
"{58CB9647-0A02-4449-BCF4-CA85B0DD31B5}","NISI","NISI",2011,"2011-2013",3,3,61.86,61.86,0.50,50.48,"CEGL008487"
"{58F13E25-4C62-40E2-BB86-29A5565D6D06}","FODO","HEIM",2011,"2011-2013",0,0,0.00,0.00,0.00,0.00,"CEGL007334"
"{596B3551-8CC4-4B2F-995B-C59EEC49D083}","CARL","CARL",2011,"2011-2013",2,4,0.95,0.32,7.95551031714722e-03,0.27,"CEGL007230"
"{598DFDB5-6B47-4B97-8832-EB6B6B25C273}","LIRI","LIRI",2011,"2011-2013",0,0,0.00,0.00,0.00,0.00,"CEGL007500"
"{59E710AC-B838-4A4F-B98F-8A9696E51AA0}","FODO","HEIM",2011,"2011-2013",1,1,0.31,0.31,2.76729634542821e-03,0.27,"CEGL007246"
"{5AFA15B5-976A-4B65-853D-B9E5E34D6A6C}","NISI","NISI",2011,"2011-2013",2,3,5.99,2.82,0.04,2.24,"CEGL008462"
"{5B5ACCDB-AD76-4D53-923B-33E6009619EC}","MACA","MACA",2016,"2016-2018",2,2,1.42,1.42,0.01,1.20,"CEGL007795"
"{5B9DD68F-DEBC-4B6E-A07E-DAC1C7862600}","GUCO","GUCO",2011,"2011-2013",2,2,0.32,0.32,2.1320331548399e-03,0.21,"CEGL007244"
"{5BD1D698-4615-41F1-8687-43B98D341A08}","FODO","HEIM",2011,"2011-2013",0,0,0.00,0.00,0.00,0.00,"CEGL007246"
"{5C655B00-89D8-4F0B-A6A8-54BDB05FD5E5}","LIRI","LIRI",2016,"2016-2018",0,0,0.00,0.00,0.00,0.00,"CEGL007244"
"{5D055BB2-2A2E-498B-B645-DDCBD13D2BCC}","ABLI","KNOB",2016,"2016-2018",2,2,0.02,0.02,1.87920504869206e-04,0.01,"CEGL002070"
"{5D909E40-AA9D-4899-8C17-42EF27F74060}","CARL","CARL",2011,"2011-2013",0,0,0.00,0.00,0.00,0.00,"CEGL006286"
"{60700C1A-D207-4EEC-9668-A08A7740F4FC}","CUGA","CUGA",2011,"2011-2013",1,1,0.31,0.31,2.70727715962965e-03,0.27,"CEGL007240"
"{60BB56CC-408A-4E4F-B08B-2A749ACA7048}","KIMO","KIMO",2011,"2011-2013",0,0,0.00,0.00,0.00,0.00,"CEGL006281"
"{60D9C410-F16C-417A-B501-D7B464770F97}","CHCH","LOOK",2016,"2016-2018",7,10,8.07,8.04,0.05,5.09,"CEGL007700"
"{612D8FF3-4408-4565-9954-1101F35DB64B}","RUCA","RUCA",2016,"2016-2018",0,0,0.00,0.00,0.00,0.00,"CEGL008431"
"{62157A00-5076-443E-B6F4-D142EEF1261E}","COWP","COWP",2011,"2011-2013",4,6,0.97,0.65,0.01,1.14,"CEGL007244"
"{622D92CF-7396-4550-93C0-7B6A155441AF}","STRI","STRI",2016,"2016-2018",8,10,10.70,10.07,0.07,7.44,"CEGL007124"
"{623FE315-7A46-4F3F-85D0-CAD84A12D200}","CARL","CARL",2016,"2016-2018",0,0,0.00,0.00,0.00,0.00,"CEGL007267"
"{62CA5D53-7C26-4700-A143-CFB832CB003B}","CARL","CARL",2011,"2011-2013",0,0,0.00,0.00,0.00,0.00,"CEGL007267"
"{6308EC6C-1512-48D2-A3DD-5FEE37E509DB}","CUGA","CUGA",2011,"2011-2013",0,0,0.00,0.00,0.00,0.00,"CEGL007692"
"{63D6D7AF-8835-486F-BC3B-BF44FDDCAB6D}","COWP","COWP",2016,"2016-2018",0,0,0.00,0.00,0.00,0.00,"CEGL006227"
"{6415B15C-8132-42B5-AB12-F11205DAD8D2}","RUCA","RUCA",2011,"2011-2013",0,1,0.01,0.00,5.91084946718521e-05,0.00,"CEGL002070"
"{648AEFD0-D0F9-43A5-BACE-8947ABBC0D45}","COWP","COWP",2011,"2011-2013",1,1,15.81,15.81,0.21,21.48,"CEGL004638"
"{649ED653-9247-4EF1-9559-3A83C695CAAC}","KIMO","KIMO",2011,"2011-2013",0,0,0.00,0.00,0.00,0.00,"CEGL008431"
"{653146DE-1F03-4021-AF30-FE9DB88AF62A}","LIRI","LIRI",2016,"2016-2018",1,1,0.01,0.01,9.22538699830231e-05,9.22538699830231e-03,"CEGL007244"
"{65B882C9-51EE-40CB-A737-0BA26391D8AB}","ABLI","BIRT",2011,"2011-2012",7,8,8.09,8.08,0.06,6.83,"CEGL004133"
"{668ABD67-5484-42B0-9084-13936CD1ABE7}","GUCO","GUCO",2016,"2016-2018",6,12,0.73,0.67,5.00799812250969e-03,0.45,"CEGL007244"
"{66B23BDB-8E4A-45F2-869C-3AD9D86D0F33}","CUGA","CUGA",2016,"2016-2018",0,0,0.00,0.00,0.00,0.00,"CEGL007267"
"{66E0D6E3-B9F3-4B19-9BE8-93BA85B75091}","KIMO","KIMO",2016,"2016-2018",0,0,0.00,0.00,0.00,0.00,"CEGL007493"
"{66E94B30-2329-42D3-804B-E89F98BC5D21}","NISI","NISI",2011,"2011-2013",3,3,0.94,0.94,0.01,1.35,"CEGL008466"
"{67D7F080-8696-46A8-B91A-1A86B34C5105}","COWP","COWP",2016,"2016-2018",0,0,0.00,0.00,0.00,0.00,"CEGL006011"
"{6861D43E-0EE7-4B42-9471-8E2F62F88D1D}","MACA","MACA",2011,"2011-2013",4,4,6.34,6.34,0.05,5.07,"CEGL004133"
"{6876576B-5D50-4590-B5A5-6D55448C374E}","MACA","MACA",2016,"2016-2018",5,5,8.02,8.02,0.04,4.28,"CEGL004133"
"{68C1ED8C-1F99-4564-83D5-B7571FC373D6}","RUCA","RUCA",2016,"2016-2018",0,0,0.00,0.00,0.00,0.00,"CEGL002070"
"{69A004F9-A253-4922-A5E4-14117EEBF1D8}","KIMO","KIMO",2011,"2011-2013",0,0,0.00,0.00,0.00,0.00,"CEGL008431"
"{69E1AE4C-C895-485D-ABDD-39A9D7D0C089}","COWP","COWP",2011,"2011-2013",5,8,10.41,5.52,0.06,3.61,"CEGL007216"
"{6A08DB0A-E4DC-4C9C-A668-12F815B82254}","CUGA","CUGA",2016,"2016-2018",1,2,0.32,0.01,2.97280969951853e-03,9.11268141217966e-03,"CEGL007240"
"{6AC5C8BE-4560-49A4-941E-C9024C46DC2D}","ABLI","KNOB",2011,"2011-2013",1,1,0.01,0.01,7.3724969248637e-05,7.3724969248637e-03,"CEGL002070"
"{6B24322C-388F-4380-B696-364D97E0C7F2}","CUGA","CUGA",2016,"2016-2018",0,0,0.00,0.00,0.00,0.00,"CEGL007267"
"{6BA603BD-56E2-423A-8786-81F8BF145817}","LIRI","LIRI",2016,"2016-2018",1,1,0.01,0.01,8.23681579976262e-05,8.23681579976262e-03,"CEGL007244"
"{6C582672-9359-4183-A592-78783F873FAA}","ABLI","KNOB",2011,"2011-2013",2,2,0.32,0.32,2.19550871902142e-03,0.21,"CEGL004741"
"{6CE72E98-1C38-4515-B50B-F46B5D94C291}","NISI","NISI",2016,"2016-2018",2,2,0.32,0.32,4.1371846517059e-03,0.41,"CEGL008462"
"{6CEF417E-77B0-4E3B-BFBF-7D0C1E91BEFA}","RUCA","RUCA",2011,"2011-2013",0,0,0.00,0.00,0.00,0.00,"CEGL008431"
"{6D88A099-D7F7-4C47-83A1-ABABD1FAE902}","RUCA","RUCA",2011,"2011-2013",0,0,0.00,0.00,0.00,0.00,"CEGL007268"
"{6DAFBCF9-6165-4FCF-9E55-4FE60044F35E}","CARL","CARL",2011,"2011-2013",0,0,0.00,0.00,0.00,0.00,"CEGL007267"
"{6DF5C273-D5D4-41D1-B37B-82CF392206AB}","GUCO","GUCO",2011,"2011-2013",7,10,2.42,2.08,0.02,1.82,"CEGL008475"
"{6E430B57-E3B6-468C-A0BF-CC9857F994A4}","CHCH","CHIC",2011,"2011-2013",2,12,1.33,0.63,0.01,0.50,"CEGL008443"
"{6E5645F8-16AE-4AC1-9A5A-54DDADD50CC2}","LIRI","LIRI",2016,"2016-2018",0,0,0.00,0.00,0.00,0.00,"CEGL007493"
"{6F0C2DE2-C851-4B01-962E-C973DCC5E93A}","MACA","MACA",2011,"2011-2013",2,2,16.12,16.12,0.07,7.59,"CEGL008442"
"{7030A969-863E-4DD8-8D7B-D8FA172727F3}","GUCO","GUCO",2016,"2016-2018",6,8,4.41,3.78,0.03,2.86,"CEGL007221"
"{7032DA48-EC5A-41EF-849A-2AF81B9822E8}","LIRI","LIRI",2011,"2011-2013",0,0,0.00,0.00,0.00,0.00,"CEGL008430"
"{70FDB1E2-C8E4-4E3A-84CC-CB9F05B8C4B2}","SHIL","SHIL",2011,"2011-2013",1,1,0.31,0.31,2.33045102943216e-03,0.23,"CEGL007246"
"{71CCC62C-E583-4AA8-A0E4-3C448A33FE63}","MACA","MACA",2016,"2016-2018",5,5,17.07,17.07,0.10,10.30,"CEGL004133"
"{73610535-60B0-4386-9624-F4AFCC0C793D}","SHIL","SHIL",2016,"2016-2018",2,2,1.42,1.42,0.01,1.12,"CEGL007246"
"{73AB927B-657F-4826-A1FF-33F3EDCBACC5}","KIMO","KIMO",2011,"2011-2013",0,0,0.00,0.00,0.00,0.00,"CEGL007216"
"{74EB49A1-6C25-4786-8FE4-599155A7BA0E}","LIRI","LIRI",2016,"2016-2018",1,1,0.01,0.01,8.10460398321735e-05,8.10460398321735e-03,"CEGL007244"
"{75E2ACE6-3D23-4691-89C6-4EFE64896B31}","CUGA","CUGA",2011,"2011-2013",0,0,0.00,0.00,0.00,0.00,"CEGL007267"
"{76EA2209-15E8-4DA5-A277-FA483639F797}","FODO","HEIM",2016,"2016-2018",0,0,0.00,0.00,0.00,0.00,"CEGL007246"
"{773F1AB3-0C02-4DBE-9B00-B051976587D6}","STRI","STRI",2011,"2011-2013",6,14,16.44,11.98,0.14,10.23,"CEGL004697"
"{774DDF67-6436-418B-8B7B-F38BC887120C}","NISI","NISI",2016,"2016-2018",4,6,37.72,36.30,0.23,22.25,"CEGL008462"
"{77BE89F7-AE28-44D8-BC91-AB7C6243AF2C}","KIMO","KIMO",2011,"2011-2013",1,1,0.31,0.31,5.32228578410978e-03,0.53,"CEGL008462"
"{7870E8BC-42B8-4811-A4F6-6084E38C2853}","CARL","CARL",2011,"2011-2013",11,13,9.63,7.90,0.05,4.88,"CEGL007944"
"{7951474E-941E-405A-A0D5-E2DC57E78D29}","SHIL","SHIL",2011,"2011-2013",0,0,0.00,0.00,0.00,0.00,"CEGL007246"
"{796003E5-D515-45F8-A068-327AAA036DE6}","STRI","STRI",2011,"2011-2013",6,7,19.63,19.62,0.15,15.98,"CEGL007124"
"{7979524F-8425-4FD1-88EF-FA38CE89B3D6}","CUGA","CUGA",2011,"2011-2013",0,0,0.00,0.00,0.00,0.00,"CEGL006271"
"{7A0F0D44-DF80-44C6-9C53-BC58B21D5896}","CHCH","LOOK",2011,"2011-2014",5,5,2.67,2.67,0.02,2.41,"CEGL008430"
"{7B1149DB-7498-4B58-8C60-D8DEA977A601}","GUCO","GUCO",2011,"2011-2013",5,9,19.00,17.25,0.15,14.32,"CEGL007244"
"{7D3F3658-2962-4700-80C6-57BF2B1E23DD}","ABLI","KNOB",2016,"2016-2018",3,3,1.74,1.74,0.01,1.37,"CEGL004741"
"{7DABA295-95B6-49BA-9495-D11F9C5FCBA6}","KIMO","KIMO",2011,"2011-2013",0,0,0.00,0.00,0.00,0.00,"CEGL006281"
"{7E113D4E-3415-4A9F-A4E4-5965F4F15F4E}","KIMO","KIMO",2011,"2011-2013",0,0,0.00,0.00,0.00,0.00,"CEGL007493"
"{7E7DBB3F-272B-4486-9891-32C4AFE99673}","RUCA","RUCA",2011,"2011-2013",2,2,0.63,0.63,6.41313862351412e-03,0.64,"CEGL008442"
"{7EF67522-A909-469F-AF74-CB7E85F1F721}","SHIL","SHIL",2016,"2016-2018",0,0,0.00,0.00,0.00,0.00,"CEGL007244"
"{7FFC44F5-EC59-48F1-A4D3-EDD41FED5112}","FODO","HEIM",2011,"2011-2013",0,0,0.00,0.00,0.00,0.00,"CEGL007246"
"{80C1BC7B-A05C-4C97-B840-B6C6940550D9}","COWP","COWP",2011,"2011-2013",5,5,4.91,4.91,0.05,5.11,"CEGL007216"
"{80CC632F-EB22-4150-8AA2-CC6DF7EEAF8D}","SHIL","SHIL",2016,"2016-2018",0,0,0.00,0.00,0.00,0.00,"CEGL007246"
"{8146BADB-7DE8-46E7-A709-CE6AB5FEA6DC}","CHCH","LOOK",2011,"2011-2014",0,0,0.00,0.00,0.00,0.00,"CEGL007700"
"{8156AB30-AAC4-43B1-854E-57BCF3EDE56B}","CARL","CARL",2016,"2016-2018",0,0,0.00,0.00,0.00,0.00,"CEGL007267"
"{81728DF2-0D47-46D4-B7B0-E5079C9263F3}","SHIL","SHIL",2011,"2011-2013",3,3,4.58,4.58,0.02,2.59,"CEGL007795"
"{824890C5-3804-47CF-BBBF-902C86BB8342}","COWP","COWP",2016,"2016-2018",3,4,0.04,0.03,3.92394873779396e-04,0.02,"CEGL007244"
"{8297F31C-18F5-40D2-84C7-CA71B5D57D51}","CHCH","CHIC",2016,"2016-2018",4,11,18.23,1.75,0.13,1.33,"CEGL008443"
"{8310DD2F-79BF-410C-B6B7-869AFED3F6F3}","NISI","NISI",2011,"2011-2013",4,4,4.11,4.11,0.04,4.11,"CEGL008487"
"{834A552B-8F55-424B-914A-85B56EB2C9CC}","CARL","CARL",2016,"2016-2018",0,0,0.00,0.00,0.00,0.00,"CEGL006286"
"{841BA0A2-93E2-487F-9AFE-62B461357973}","MACA","MACA",2011,"2011-2013",2,2,0.63,0.63,3.38390247342697e-03,0.33,"CEGL002070"
"{847B3B40-FA8C-40D4-8C30-6ABB63824BAD}","RUCA","RUCA",2016,"2016-2018",2,2,0.63,0.63,5.7976370153609e-03,0.57,"CEGL008442"
"{84807A1D-578E-4EBF-81F6-34BFB4549BB5}","CUGA","CUGA",2016,"2016-2018",0,0,0.00,0.00,0.00,0.00,"CEGL007692"
"{8488191D-6102-43FF-967E-1878FFB826E9}","FODO","HEIM",2011,"2011-2013",1,1,0.01,0.01,7.07386607801972e-05,7.07386607801972e-03,"CEGL007246"
"{848DB109-2DDA-4E40-BEE4-DD1F36E86480}","GUCO","GUCO",2016,"2016-2018",4,4,0.04,0.04,3.07779670645828e-04,0.03,"CEGL006327"
"{84B55C5C-2AA7-4827-B28E-060B72B43AB1}","FODO","DONE",2011,"2011-2013",6,6,4.13,4.13,0.02,2.68,"CEGL007105"
"{84F726FB-B7EB-4704-8420-D2FE119C00D8}","STRI","STRI",2011,"2011-2013",7,8,6.04,6.03,0.07,7.91,"CEGL003938"
"{8599CD48-3DF4-4BFF-ADA9-0703C97532BF}","COWP","COWP",2011,"2011-2013",2,2,1.42,1.42,0.01,1.05,"CEGL004418"
"{859AD631-1CB8-4377-B8BA-A705E52D52EE}","CUGA","CUGA",2011,"2011-2013",0,0,0.00,0.00,0.00,0.00,"CEGL007267"
"{86009B3C-D9BD-462E-811E-7F82AE576B88}","COWP","COWP",2011,"2011-2013",0,0,0.00,0.00,0.00,0.00,"CEGL006227"
"{86631B3C-A27F-4FEC-A7CB-2D7CC7BA6775}","CUGA","CUGA",2011,"2011-2013",0,0,0.00,0.00,0.00,0.00,"CEGL007267"
"{8843F2A6-314E-432D-BEF3-E65153C460F8}","FODO","DONE",2011,"2011-2013",1,1,1.41,1.41,0.01,1.10,"CEGL007220"
"{88BFCE4D-364B-48A8-9A71-66359F085BB9}","CUGA","CUGA",2011,"2011-2013",2,2,3.17,3.17,0.02,2.19,"CEGL007692"
"{89204863-1D50-4078-AEA0-91FC01078F68}","NISI","NISI",2011,"2011-2013",4,5,3.77,2.36,0.03,2.50,"CEGL008462"
"{89A45258-D396-4E55-A247-85B66FD5235B}","ABLI","KNOB",2016,"2016-2018",1,1,0.31,0.31,2.94565416721729e-03,0.29,"CEGL002070"
"{89B913F0-C4E2-4DFE-BC77-E4A32F25DD2F}","SHIL","SHIL",2016,"2016-2018",0,2,0.63,0.00,4.8131398327693e-03,0.00,"CEGL007246"
"{89E6D95E-3587-4A80-9E58-9B16A31B112F}","STRI","STRI",2011,"2011-2013",6,6,3.82,3.82,0.02,2.43,"CEGL007808"
"{8BE078C6-94BB-4A8A-9FF5-E6D6C2EF7612}","CUGA","CUGA",2016,"2016-2018",0,0,0.00,0.00,0.00,0.00,"CEGL006192"
"{8CA3217D-646F-452A-B1E0-840CF6AC6A54}","SHIL","SHIL",2011,"2011-2013",1,1,0.01,0.01,6.25402154569822e-05,6.25402154569822e-03,"CEGL007795"
"{8CDCC3E4-27EF-4738-822B-147EA0A5E1F8}","SHIL","SHIL",2011,"2011-2013",0,0,0.00,0.00,0.00,0.00,"CEGL007246"
"{8D25F180-9C9C-4687-9565-763205E5BBAE}","RUCA","RUCA",2011,"2011-2013",3,3,2.04,2.04,0.01,1.42,"CEGL008442"
"{8D91CB7C-BF03-4F24-9C24-CF8205159668}","LIRI","LIRI",2011,"2011-2013",0,0,0.00,0.00,0.00,0.00,"CEGL008431"
"{8DA12015-485E-4DE1-A958-EE9058E53095}","CHCH","LOOK",2016,"2016-2018",7,8,66.47,66.46,0.28,28.40,"CEGL004418"
"{8E877F21-7654-4C8A-94A2-2DAFABAACD30}","GUCO","GUCO",2016,"2016-2018",7,11,9.83,9.48,0.07,6.97,"CEGL008475"
"{8EA69345-420F-4265-B1B5-40F3DDE3C98B}","CUGA","CUGA",2011,"2011-2013",0,0,0.00,0.00,0.00,0.00,"CEGL006192"
"{8EC0DEC5-D0DC-4A38-A309-48B035F5CBB6}","CHCH","LOOK",2011,"2011-2014",2,3,0.33,0.32,2.43364867813483e-03,0.23,"CEGL007231"
"{8ECB838E-9C3A-44AC-900B-7CB76403FBA9}","MACA","MACA",2011,"2011-2013",3,3,0.64,0.64,3.422362462522e-03,0.34,"CEGL004133"
"{8F2CD3DE-88DA-43FA-8278-9103A137CB93}","COWP","COWP",2016,"2016-2018",2,2,17.22,17.22,0.08,8.16,"CEGL004418"
"{8F6DBCB6-D99F-4859-AF82-75F3673801B2}","RUCA","RUCA",2011,"2011-2013",0,0,0.00,0.00,0.00,0.00,"CEGL002070"
"{8F91F154-0845-4D77-A5ED-EBD60611DD22}","SHIL","SHIL",2011,"2011-2013",0,0,0.00,0.00,0.00,0.00,"CEGL007244"
"{8FD025B3-FDAA-42C6-A250-79E6D39748C2}","LIRI","LIRI",2011,"2011-2013",0,0,0.00,0.00,0.00,0.00,"CEGL008431"
"{900B2D1D-2673-4BB3-89D0-DD9DA150B9BA}","CUGA","CUGA",2011,"2011-2013",1,1,0.01,0.01,7.27915685405213e-05,7.27915685405213e-03,"CEGL007220"
"{922C309C-C0E5-47E0-8F87-01142AD29D84}","KIMO","KIMO",2016,"2016-2018",0,0,0.00,0.00,0.00,0.00,"CEGL007244"
"{92AC30E6-B474-4089-ACD0-1B6035BF549A}","GUCO","GUCO",2016,"2016-2018",11,11,36.23,36.23,0.15,15.48,"CEGL007221"
"{92FB9B83-B376-41DF-ADB4-5C68BF902EA3}","LIRI","LIRI",2016,"2016-2018",0,0,0.00,0.00,0.00,0.00,"CEGL007500"
"{9312B277-A6F2-42E3-9865-236F39EEBD79}","COWP","COWP",2016,"2016-2018",4,7,5.54,3.80,0.04,2.98,"CEGL007216"
"{9376FCA1-C4B3-469F-91AD-BF0E78B2170B}","LIRI","LIRI",2011,"2011-2013",0,0,0.00,0.00,0.00,0.00,"CEGL007388"
"{9388A5E3-5951-4B7E-A081-0E3581AC12B6}","FODO","HEIM",2016,"2016-2018",0,1,0.31,0.00,4.77304816400548e-03,0.00,"CEGL007246"
"{9399E14B-83B9-4E89-B2BF-3A20A0DB3096}","CHCH","CHIC",2011,"2011-2013",2,2,0.63,0.63,5.99761430819166e-03,0.59,"CEGL007247"
"{94668689-9389-4886-AFDC-AB7435724EF1}","CARL","CARL",2016,"2016-2018",0,0,0.00,0.00,0.00,0.00,"CEGL007519"
"{95251CCD-8129-4A62-B2F0-F2D23BBE10B2}","SHIL","SHIL",2011,"2011-2013",1,1,0.31,0.31,2.11469389417841e-03,0.21,"CEGL002431"
"{95E0989A-657A-4B45-AB53-9BBD95A6AA10}","GUCO","GUCO",2016,"2016-2018",2,3,0.03,0.02,3.15225354572414e-04,0.02,"CEGL008475"
"{95E21D12-5BB1-4363-949D-FD0EE19A3299}","GUCO","GUCO",2011,"2011-2013",7,8,6.16,5.85,0.04,3.98,"CEGL007221"
"{965AF2DF-BAAB-4F93-8908-3BEF27AC6B97}","SHIL","SHIL",2011,"2011-2013",3,3,0.33,0.33,2.07963459109127e-03,0.20,"CEGL007795"
"{96814E2C-63E3-4FB3-9164-0E18CA45D606}","RUCA","RUCA",2011,"2011-2013",0,0,0.00,0.00,0.00,0.00,"CEGL008431"
"{96B0C2D1-C065-45EE-A205-8C46BBBC9F66}","RUCA","RUCA",2011,"2011-2013",0,0,0.00,0.00,0.00,0.00,"CEGL002070"
"{96DD572B-908F-45BB-ACF5-67C88F454625}","FODO","DONE",2016,"2016-2018",0,0,0.00,0.00,0.00,0.00,"CEGL002070"
"{973AE60E-C7A3-423E-9740-1E4A96534798}","MACA","MACA",2016,"2016-2018",2,2,0.63,0.63,4.12390414860193e-03,0.41,"CEGL005018"
"{976EA466-658F-4AAB-A674-8DBB11A8EE6F}","KIMO","KIMO",2016,"2016-2018",0,0,0.00,0.00,0.00,0.00,"CEGL006281"
"{97B8817D-7596-4082-9FD4-A93B55E1DD4B}","CARL","CARL",2016,"2016-2018",9,11,5.36,5.04,0.03,3.00,"CEGL007944"
"{97F00072-314A-41ED-A4E4-37A491874668}","GUCO","GUCO",2016,"2016-2018",3,4,0.65,0.33,0.01,0.53,"CEGL008475"
"{984E1621-E522-445F-98B3-F529E88DCD69}","COWP","COWP",2011,"2011-2013",5,11,6.77,3.77,0.05,3.25,"CEGL006011"
"{98562D23-2785-411E-858F-40261DCAD7CE}","CUGA","CUGA",2011,"2011-2013",0,0,0.00,0.00,0.00,0.00,"CEGL006192"
"{99203CD4-8F44-4FFF-BA46-16D72E3E20DC}","CUGA","CUGA",2011,"2011-2013",0,0,0.00,0.00,0.00,0.00,"CEGL007692"
"{994B699B-1F1D-4F5D-B53A-6DE0B8DDDE77}","RUCA","RUCA",2016,"2016-2018",0,0,0.00,0.00,0.00,0.00,"CEGL007268"
"{99C3AACE-3F11-453B-832F-A902C26DDAA1}","RUCA","RUCA",2011,"2011-2013",0,0,0.00,0.00,0.00,0.00,"CEGL007268"
"{99EBA8A9-EA9D-4130-B92F-53D08BB7EC5F}","CUGA","CUGA",2011,"2011-2013",0,0,0.00,0.00,0.00,0.00,"CEGL006271"
"{9A849955-DA91-495F-84D1-33950C597773}","LIRI","LIRI",2011,"2011-2013",1,1,0.01,0.01,8.70007157319104e-05,8.70007157319104e-03,"CEGL008430"
"{9A858967-926A-4E9B-A313-87FA0DC9B74B}","NISI","NISI",2011,"2011-2013",3,3,1.74,1.74,0.01,1.74,"CEGL008462"
"{9B828261-53D6-4804-A7A5-3AAAC39752C8}","NISI","NISI",2011,"2011-2013",2,2,1.73,1.73,0.01,1.30,"CEGL008462"
"{9C9B760E-5FC0-4F96-A268-864092179475}","SHIL","SHIL",2016,"2016-2018",2,2,3.47,3.47,0.03,3.78,"CEGL007246"
"{9CBA2CA6-FBD4-4AEB-BE08-64F6493CD251}","CHCH","LOOK",2016,"2016-2018",6,6,4.43,4.43,0.03,3.86,"CEGL008430"
"{9D0D5095-D9D8-46E5-8ECC-ABB7F8CA2D85}","CHCH","LOOK",2016,"2016-2018",4,5,62.19,61.87,0.36,35.93,"CEGL007334"
"{9D61EE82-E53B-4882-AB16-FA55F8E3D2CF}","ABLI","KNOB",2011,"2011-2013",3,3,5.99,5.99,0.03,3.92,"CEGL007220"
"{9D8FDB79-9E6D-44BB-B00D-5BA7D312083F}","CHCH","LOOK",2011,"2011-2014",6,8,102.29,100.87,0.41,41.26,"CEGL004418"
"{9F6C9255-0B2B-4E62-8A19-D2A027F91FBF}","LIRI","LIRI",2016,"2016-2018",3,3,0.94,0.94,9.51137682290175e-03,0.95,"CEGL004098"
"{9F7917FE-03E8-4380-92FF-5224E7E74547}","CARL","CARL",2011,"2011-2013",0,0,0.00,0.00,0.00,0.00,"CEGL007519"
"{9F7A1C2A-7BDB-4350-98B0-699B36DDB98E}","CARL","CARL",2011,"2011-2013",0,0,0.00,0.00,0.00,0.00,"CEGL007519"
"{9FB9B1EF-ADB3-4C26-94D9-687122F0BD5C}","NISI","NISI",2011,"2011-2013",4,4,6.65,6.65,0.05,5.55,"CEGL008462"
"{A02623B0-5954-4846-BF01-D3B3AAE9957C}","SHIL","SHIL",2016,"2016-2018",0,0,0.00,0.00,0.00,0.00,"CEGL007246"
"{A0544851-F66F-4CC6-9C53-A773F7353C7F}","GUCO","GUCO",2011,"2011-2013",4,5,0.96,0.65,8.8913173912901e-03,0.59,"CEGL002591"
"{A0A7977B-22D6-454C-931C-8F5417F46126}","STRI","STRI",2016,"2016-2018",6,7,2.39,2.07,0.02,1.83,"CEGL007699"
"{A0B66720-421B-478C-B17F-C8D4F52A02DA}","CARL","CARL",2011,"2011-2013",0,0,0.00,0.00,0.00,0.00,"CEGL006286"
"{A0F2A18D-D892-46B9-8ED9-3D757213DED0}","CARL","CARL",2016,"2016-2018",0,0,,,,,"CEGL007519"
"{A142E7A1-C498-4B98-BA8C-49CE2F702B95}","COWP","COWP",2011,"2011-2013",5,6,37.72,37.71,0.30,30.80,"CEGL006011"
"{A259D10C-03E1-4781-BD01-C6A0CD179BAA}","STRI","STRI",2011,"2011-2013",8,11,29.54,22.14,0.15,11.27,"CEGL007124"
"{A3681F79-2079-4028-9975-3E947AD0AB8A}","MACA","MACA",2016,"2016-2018",0,0,0.00,0.00,0.00,0.00,"CEGL005022"
"{A3A92DA1-8705-4B23-8EA7-15019E56B320}","CUGA","CUGA",2016,"2016-2018",1,1,1.41,1.41,0.01,1.24,"CEGL007240"
"{A3CBE707-2D0C-49E5-972B-C4446F2E8D64}","NISI","NISI",2016,"2016-2018",3,3,1.74,1.74,0.01,1.17,"CEGL008462"
"{A4310F27-4F15-4DE7-86BD-6A034349E67B}","CUGA","CUGA",2011,"2011-2013",0,0,0.00,0.00,0.00,0.00,"CEGL007267"
"{A461B7EA-4E7E-4D20-9DA4-ED9E53A04190}","CHCH","CHIC",2011,"2011-2013",3,5,63.60,62.96,0.39,39.18,"CEGL008429"
"{A4852929-201E-4567-91F0-B9336A794F81}","COWP","COWP",2011,"2011-2013",2,2,3.47,3.47,0.01,1.71,"CEGL007221"
"{A4B39D9A-96AE-48EB-800D-F3F838428675}","MACA","MACA",2011,"2011-2013",3,5,16.46,16.13,0.09,9.57,"CEGL008442"
"{A4D4F4E5-9186-412E-85E9-F702E50BF8BD}","MACA","MACA",2011,"2011-2013",2,2,3.17,3.17,0.01,1.87,"CEGL002411"
"{A791209E-BC49-4A25-99E7-F4E7B71A9CDC}","ABLI","BIRT",2016,"2016-2017",4,5,3.77,2.36,0.03,2.11,"CEGL007220"
"{A84DFE88-DA37-4A3C-8E6D-041BEDC78381}","CUGA","CUGA",2016,"2016-2018",0,0,0.00,0.00,0.00,0.00,"CEGL007240"
"{A8947346-86E8-4CA8-ABF8-5B6E01CD70D2}","ABLI","BIRT",2016,"2016-2017",10,12,4.28,3.95,0.02,2.24,"CEGL007124"
"{A9E50AA0-DA18-49A2-A55E-964DDFDD8006}","KIMO","KIMO",2011,"2011-2013",0,0,0.00,0.00,0.00,0.00,"CEGL008431"
"{A9F46A70-3AD5-41DA-949D-2C4E70AAA84B}","GUCO","GUCO",2016,"2016-2018",6,10,5.53,3.48,0.03,2.04,"CEGL007244"
"{AA3B4105-3D69-42F0-ABE7-1E54B3415EA6}","CUGA","CUGA",2011,"2011-2013",0,0,0.00,0.00,0.00,0.00,
"{AA3E4745-140F-49A7-BD28-FC5708B127DB}","CUGA","CUGA",2011,"2011-2013",0,0,0.00,0.00,0.00,0.00,"CEGL006286"
"{AAB151DF-B384-4AA3-82F2-69E655E595D3}","FODO","DONE",2011,"2011-2013",3,3,1.74,1.74,0.01,1.25,"CEGL007246"
"{AC37A7AC-3793-4707-9FED-8E2D210D76A9}","SHIL","SHIL",2011,"2011-2013",0,0,0.00,0.00,0.00,0.00,"CEGL007246"
"{ACF21E92-BFA9-4E15-8039-D2805032CA01}","FODO","DONE",2016,"2016-2018",4,4,2.05,2.05,0.01,1.98,"CEGL007124"
"{AD4703C2-C489-4956-B81B-361A96767319}","LIRI","LIRI",2016,"2016-2018",0,0,0.00,0.00,0.00,0.00,"CEGL008430"
"{AD5CADA9-06B6-42DB-8332-53148235EE9C}","FODO","HEIM",2011,"2011-2013",0,0,0.00,0.00,0.00,0.00,"CEGL007246"
"{AD95A506-4CA7-4FCF-A539-29324657CE82}","CHCH","CHIC",2011,"2011-2013",5,5,103.77,103.77,0.49,49.04,"CEGL008429"
"{AE9A95E4-9E3C-4136-B8AE-4796F9F18ACC}","GUCO","GUCO",2016,"2016-2018",3,4,0.65,0.64,2.84974888745526e-03,0.28,"CEGL002591"
"{AF4B6749-7FAC-4D06-BA92-3112D4000B11}","KIMO","KIMO",2011,"2011-2013",0,0,0.00,0.00,0.00,0.00,"CEGL006281"
"{AF53FA00-501D-409F-AA74-A00A113EF804}","CUGA","CUGA",2016,"2016-2018",0,0,0.00,0.00,0.00,0.00,
"{B1333498-DCA3-44E1-970E-4DB1F79DCB6A}","MACA","MACA",2011,"2011-2013",2,2,2.82,2.82,0.02,2.02,"CEGL007121"
"{B20B695B-2EBF-49B1-B27E-FB20AFDBE796}","ABLI","KNOB",2011,"2011-2013",2,2,1.73,1.73,0.01,1.12,"CEGL005018"
"{B3CB279B-855A-4556-BEA5-36E666C5FB11}","MACA","MACA",2011,"2011-2013",3,3,4.89,4.89,0.03,3.21,"CEGL005018"
"{B575E194-AE66-4F89-9344-6637472E037B}","ABLI","KNOB",2016,"2016-2018",4,4,3.46,3.46,0.02,2.66,"CEGL007220"
"{B60EEEB7-932D-4DD9-81ED-CBCBA26AD429}","MACA","MACA",2011,"2011-2013",1,1,1.41,1.41,8.09746908589209e-03,0.80,"CEGL007795"
"{B6E68142-F4B7-4D8D-AECB-87831CD9D337}","FODO","DONE",2016,"2016-2018",2,2,1.42,1.42,8.39943362663697e-03,0.83,"CEGL007220"
"{B6F6D70A-A8A8-4C8A-988D-33A55BA7FAD4}","SHIL","SHIL",2016,"2016-2018",1,1,0.01,0.01,7.48189680642394e-05,7.48189680642393e-03,"CEGL007246"
"{B7666359-DE84-40A6-BE78-FEBF7FAB029E}","KIMO","KIMO",2011,"2011-2013",0,0,0.00,0.00,0.00,0.00,"CEGL007244"
"{B81A2649-B970-46D4-827B-ABD4C45CEE81}","CARL","CARL",2016,"2016-2018",0,0,0.00,0.00,0.00,0.00,"CEGL006286"
"{B81AF911-F809-413C-A77B-19E7C90C9A96}","COWP","COWP",2016,"2016-2018",1,1,0.01,0.01,5.49586991750981e-05,5.49586991750981e-03,"CEGL004418"
"{B845E5E4-CA3B-4B17-B14A-946FB2DF85C3}","KIMO","KIMO",2016,"2016-2018",0,0,0.00,0.00,0.00,0.00,"CEGL006281"
"{B8C03DD6-D2FB-46E3-AFFC-337E90444F14}","LIRI","LIRI",2016,"2016-2018",0,0,0.00,0.00,0.00,0.00,"CEGL007493"
"{B978CC83-AFCF-4A2D-BE9E-8480023DEFF8}","SHIL","SHIL",2016,"2016-2018",3,3,1.74,1.74,0.01,1.43,"CEGL004052"
"{BAB5CE87-5092-412F-AF51-7D7B992BF288}","RUCA","RUCA",2016,"2016-2018",0,0,0.00,0.00,0.00,0.00,"CEGL008431"
"{BB16BF83-99A8-4772-ADCD-5956AB3610F1}","CUGA","CUGA",2016,"2016-2018",0,0,0.00,0.00,0.00,0.00,"CEGL006271"
"{BB69C62E-C99C-4891-A99C-843779FFBCE6}","CARL","CARL",2011,"2011-2013",0,0,0.00,0.00,0.00,0.00,"CEGL007519"
"{BC34836E-0276-4F63-AEA1-79D46960D160}","STRI","STRI",2011,"2011-2013",6,17,22.97,21.03,0.10,9.45,"CEGL004697"
"{BC8DEB21-9BFB-4960-BC12-7BBD5E162FE5}","MACA","MACA",2016,"2016-2018",2,3,0.64,0.63,6.15741682984179e-03,0.60,"CEGL005018"
"{BCD3BC72-D0CF-4838-A987-587B6F1CD07A}","RUCA","RUCA",2011,"2011-2013",1,2,0.32,0.01,5.7977947663253e-03,0.01,"CEGL002070"
"{BD386398-434A-4B1A-8510-0C6162A91449}","MACA","MACA",2011,"2011-2013",0,0,0.00,0.00,0.00,0.00,"CEGL002070"
"{BD779E97-41CC-4D5D-8199-21312BEA49AE}","CARL","CARL",2011,"2011-2013",0,0,0.00,0.00,0.00,0.00,"CEGL006286"
"{BD888D4C-8186-4F0B-BB77-E7C49942DD7A}","MACA","MACA",2011,"2011-2013",0,0,0.00,0.00,0.00,0.00,"CEGL007795"
"{BE5C45B3-4BA2-4E40-80E8-0BBDBE465B6E}","NISI","NISI",2016,"2016-2018",3,3,0.64,0.64,5.08430516400321e-03,0.50,"CEGL008462"
"{BF268A3A-D4E4-4B21-8B0F-AE9CF04EA8CC}","COWP","COWP",2016,"2016-2018",0,0,0.00,0.00,0.00,0.00,"CEGL007244"
"{BF684D22-B7A4-4CF9-8ED4-BC1CB08513E1}","SHIL","SHIL",2011,"2011-2013",0,2,0.32,0.00,2.28024399796057e-03,0.00,"CEGL007246"
"{C0462AEC-60AF-4336-B90C-7F13610A886D}","STRI","STRI",2016,"2016-2018",7,8,11.21,11.20,0.07,7.90,"CEGL007124"
"{C06B4122-7652-437A-AD49-B867546E01A0}","SHIL","SHIL",2011,"2011-2013",4,4,1.75,1.75,0.01,1.13,"CEGL004052"
"{C0FE9EF3-4E8A-4D1A-84D3-547D141B5369}","CHCH","LOOK",2016,"2016-2018",3,3,2.04,2.04,0.01,1.29,"CEGL007700"
"{C1B21574-B667-4018-AF4F-E33E4F142E42}","NISI","NISI",2011,"2011-2013",3,3,0.64,0.64,8.1873550512986e-03,0.81,"CEGL008462"
"{C1E30CE7-6C76-4AC8-B252-2FCDCB3A17D4}","KIMO","KIMO",2011,"2011-2013",1,2,0.02,0.01,1.43272856211809e-04,7.16364281059047e-03,"CEGL004418"
"{C211E050-6328-4373-A040-33B128BB4B88}","STRI","STRI",2016,"2016-2018",6,8,4.76,4.13,0.03,2.67,"CEGL007124"
"{C21C5F2C-D386-4554-A018-C9F285DCDBA9}","CARL","CARL",2016,"2016-2018",0,1,1.41,0.00,9.2842414699919e-03,0.00,"CEGL007230"
"{C220835E-2DE8-4A13-89FC-29D4273175CC}","CUGA","CUGA",2016,"2016-2018",0,0,0.00,0.00,0.00,0.00,"CEGL007267"
"{C2F3CAB6-DBEB-42D8-A10F-EC51DE913A12}","GUCO","GUCO",2011,"2011-2013",6,6,1.59,1.59,0.01,1.02,"CEGL008465"
"{C33932FF-67B4-4A12-9589-CC460D84C8C7}","FODO","DONE",2011,"2011-2013",0,0,0.00,0.00,0.00,0.00,"CEGL002070"
"{C35A5A5E-1677-4EB1-89A6-E97D15625FC3}","LIRI","LIRI",2011,"2011-2013",0,0,0.00,0.00,0.00,0.00,"CEGL007244"
"{C3B93C2E-58B8-4846-B23A-3CE69044F6A9}","STRI","STRI",2011,"2011-2013",4,5,6.31,6.30,0.03,3.30,"CEGL007124"
"{C3D02B9A-6EED-4091-AF2E-CF7A5C92E0DE}","GUCO","GUCO",2011,"2011-2013",4,5,1.27,0.95,8.38548228274561e-03,0.63,"CEGL007221"
"{C4D2CFD9-E693-41A2-ACB9-6CA70809CDE7}","STRI","STRI",2011,"2011-2013",6,9,4.46,4.13,0.04,3.80,"CEGL007124"
"{C5029794-8B1A-49A5-BBD2-BBD224D41CA3}","GUCO","GUCO",2011,"2011-2013",3,5,2.06,1.43,0.03,2.42,"CEGL002591"
"{C55E246D-FBB9-4E7E-8B84-C582A465B6BA}","CHCH","CHIC",2011,"2011-2013",3,4,42.44,42.43,0.27,27.12,"CEGL007217"
"{C59ACE34-7E2E-4B84-8182-E2D7A62E05F5}","NISI","NISI",2016,"2016-2018",2,4,8.01,0.63,0.08,0.65,"CEGL008462"
"{C757EF88-CBAD-4763-9880-C090BF509E5B}","ABLI","BIRT",2016,"2016-2017",10,11,8.99,8.67,0.04,4.75,"CEGL004133"
"{C86470B8-D8E6-4FB3-A074-26A35F018328}","STRI","STRI",2016,"2016-2018",4,4,3.15,3.15,0.02,2.05,"CEGL007124"
"{C8DC6548-6F35-44BD-BFB7-79C32EB3D237}","NISI","NISI",2011,"2011-2013",2,2,0.32,0.32,6.99587816578771e-03,0.69,"CEGL008462"
"{C901CCEA-AFEF-45DE-8490-34EFA7CF05EE}","RUCA","RUCA",2016,"2016-2018",2,2,1.42,1.42,0.01,1.19,"CEGL008442"
"{C94F4C27-B19E-475E-B4CB-784D311FD348}","FODO","DONE",2011,"2011-2013",3,3,0.64,0.64,6.40069808372664e-03,0.64,"CEGL007124"
"{C958A43B-E1B2-4692-83FB-9B88F932340E}","CUGA","CUGA",2011,"2011-2013",0,0,0.00,0.00,0.00,0.00,"CEGL006271"
"{C9E97A8D-C723-46A0-A529-1B2FA68C6097}","ABLI","KNOB",2011,"2011-2013",1,1,0.31,0.31,2.34171849833304e-03,0.23,"CEGL002070"
"{CA2EE2F5-26F8-4AB8-9873-B9AB157BEB24}","FODO","DONE",2011,"2011-2013",5,5,8.06,8.06,0.06,6.68,"CEGL002070"
"{CAA2EDE9-3857-4FDB-89C9-AACD55886B3D}","STRI","STRI",2016,"2016-2018",7,9,11.18,9.76,0.09,8.35,"CEGL007124"
"{CAA3CB67-A5D4-4EEC-A4EE-C05EB5C2A2D9}","MACA","MACA",2011,"2011-2013",2,2,3.17,3.17,0.01,1.72,"CEGL007795"
"{CAEF9931-91FF-4A31-B26C-2E10A13D53B7}","CARL","CARL",2016,"2016-2018",0,0,0.00,0.00,0.00,0.00,"CEGL007519"
"{CB589A83-45A9-4685-917D-3F7EB0794201}","NISI","NISI",2011,"2011-2013",2,2,0.63,0.63,6.54898683878762e-03,0.65,"CEGL008462"
"{CBE736CD-4BC5-45EF-85B4-71659B968D0D}","RUCA","RUCA",2016,"2016-2018",1,1,0.01,0.01,1.27232001385167e-04,0.01,"CEGL007233"
"{CC8D601E-57FF-44C4-AFDA-865CB4ACD5F4}","CARL","CARL",2016,"2016-2018",0,0,0.00,0.00,0.00,0.00,"CEGL007519"
"{CCDDAF52-4C3C-457B-8EC8-386370F8C68C}","FODO","HEIM",2011,"2011-2013",1,1,1.41,1.41,0.01,1.04,"CEGL007246"
"{CD358F4E-6C05-42B1-B376-3D83E2035340}","SHIL","SHIL",2016,"2016-2018",0,0,0.00,0.00,0.00,0.00,"CEGL002067"
"{CD7F0BA2-88E4-4CA0-B819-357211A4191F}","FODO","DONE",2016,"2016-2018",3,3,1.43,1.43,7.51248922915537e-03,0.75,"CEGL002070"
"{CF52CD25-108C-4406-916F-4ACA5E4D1B10}","CARL","CARL",2016,"2016-2018",0,0,0.00,0.00,0.00,0.00,"CEGL006286"
"{CFA74D02-8881-4CAD-B048-F659C9C4785D}","FODO","HEIM",2011,"2011-2013",1,1,0.01,0.01,6.58390794037076e-05,6.58390794037076e-03,"CEGL007246"
"{D0B9AF13-6E52-4448-B822-AADB58677382}","CHCH","LOOK",2011,"2011-2014",1,1,0.01,0.01,9.48507013438881e-05,9.48507013438881e-03,"CEGL007700"
"{D169E15F-F191-4776-83DA-F61A24620B07}","GUCO","GUCO",2011,"2011-2013",2,2,0.02,0.02,1.47264302133196e-04,0.01,"CEGL007244"
"{D2697DD1-8FB4-4141-B0F7-85E2FD40F55D}","KIMO","KIMO",2011,"2011-2013",0,0,0.00,0.00,0.00,0.00,"CEGL006281"
"{D28D1C50-802C-4B2E-B8B2-BC3FC6FEC0A5}","RUCA","RUCA",2011,"2011-2013",2,2,1.42,1.42,9.42513781681125e-03,0.94,"CEGL008442"
"{D382FA78-1B36-46B7-BD7E-6731E268D526}","GUCO","GUCO",2011,"2011-2013",9,13,8.27,7.00,0.07,6.08,"CEGL002591"
"{D3A30498-094D-460A-B91B-341D47C8D226}","NISI","NISI",2011,"2011-2013",3,6,63.91,62.96,0.31,31.49,"CEGL008487"
"{D3ACE67A-F328-4EA8-8922-9B8D9958F607}","NISI","NISI",2016,"2016-2018",5,5,0.66,0.66,6.15210256352184e-03,0.61,"CEGL008462"
"{D3E55400-8CE1-4C0D-A44B-AB6C434E5212}","MACA","MACA",2011,"2011-2013",3,3,0.64,0.64,4.25608429439374e-03,0.42,"CEGL007124"
"{D5C46D65-B640-48E8-940C-D0DFF6A4B505}","MACA","MACA",2016,"2016-2018",4,6,36.63,36.30,0.21,21.67,"CEGL008442"
"{D630D842-E35F-487B-B829-54A1FB7C7F50}","STRI","STRI",2011,"2011-2013",7,11,19.33,18.67,0.08,8.67,"CEGL007124"
"{D75CB67B-ABDB-4765-99D0-B619138953F5}","FODO","DONE",2011,"2011-2013",2,2,3.47,3.47,0.02,2.44,"CEGL003871"
"{D7C215B5-F164-460C-A70A-0C94D68E732D}","CUGA","CUGA",2016,"2016-2018",0,0,0.00,0.00,0.00,0.00,"CEGL007267"
"{D7F30348-2F1C-4632-A976-B0DC0BA14B9B}","ABLI","KNOB",2011,"2011-2013",2,2,0.32,0.32,2.05983113515912e-03,0.20,"CEGL002070"
"{D7FD8614-692D-41ED-B6FE-4F61D4A06141}","STRI","STRI",2011,"2011-2013",9,13,11.83,8.37,0.08,5.93,"CEGL003876"
"{D838D313-849D-4614-9589-D052666F5CB6}","COWP","COWP",2016,"2016-2018",4,4,24.30,24.30,0.18,18.49,"CEGL007216"
"{D9269BFD-73F6-4BDF-A1EB-0B57758CF5AF}","CARL","CARL",2011,"2011-2013",1,2,0.32,0.01,3.70716958768988e-03,0.01,"CEGL007267"
"{D967ACAD-9AC5-421C-9C77-0DD0E6032036}","MACA","MACA",2011,"2011-2013",0,0,0.00,0.00,0.00,0.00,"CEGL007795"
"{D973EF95-2547-4CF0-8A13-A3B29DFB8E32}","GUCO","GUCO",2016,"2016-2018",5,7,8.84,1.76,0.05,1.01,"CEGL002591"
"{DABEB6D9-DBDE-44B2-9679-7940A38DD833}","STRI","STRI",2011,"2011-2013",3,3,9.48,9.48,0.05,5.49,"CEGL007699"
"{DBE5B9C8-99CF-4099-BCE0-CE9D13B02498}","LIRI","LIRI",2011,"2011-2013",0,0,0.00,0.00,0.00,0.00,"CEGL007244"
"{DC0BAD7A-39BE-4575-AC0A-FFFD35E4FDF2}","GUCO","GUCO",2011,"2011-2013",2,2,0.02,0.02,2.23439231238695e-04,0.02,"CEGL008475"
"{DC578425-EB19-4AAC-9D40-440355D5B12D}","FODO","DONE",2011,"2011-2013",6,6,13.38,13.38,0.09,9.32,"CEGL007220"
"{DCE8ECE7-CCB7-465A-BB1C-4B63DE85DA87}","FODO","HEIM",2011,"2011-2013",0,1,0.31,0.00,2.01801405376889e-03,0.00,"CEGL007246"
"{DCE9FB2B-C57C-4385-9E42-5AAED70F6A01}","KIMO","KIMO",2011,"2011-2013",0,0,0.00,0.00,0.00,0.00,"CEGL007244"
"{DEBD7F29-4516-4825-9895-97BAE737F91F}","COWP","COWP",2011,"2011-2013",1,1,0.01,0.01,5.43799430827797e-05,5.43799430827797e-03,"CEGL006011"
"{DEC23A28-710C-43D4-8069-3E57FE47EBF6}","NISI","NISI",2011,"2011-2013",3,4,6.30,4.89,0.07,5.78,"CEGL008462"
"{DF283F28-36D7-437E-96F7-933A950C6E2E}","KIMO","KIMO",2016,"2016-2018",0,0,0.00,0.00,0.00,0.00,"CEGL006281"
"{DF733930-5104-466A-8224-538C17A08A73}","CUGA","CUGA",2011,"2011-2013",0,0,0.00,0.00,0.00,0.00,"CEGL006271"
"{DF87A12B-67C6-4CFC-8567-C5E5A27E17E0}","FODO","HEIM",2011,"2011-2013",0,0,0.00,0.00,0.00,0.00,"CEGL007246"
"{DF8D3DB5-66D0-4274-ABDE-D4985E972EDB}","STRI","STRI",2011,"2011-2013",5,5,8.02,8.02,0.04,4.04,"CEGL007124"
"{E03B8193-03D4-4FE6-88C3-C650FEB26077}","ABLI","KNOB",2011,"2011-2013",1,1,0.01,0.01,6.81059281683703e-05,6.81059281683702e-03,"CEGL002070"
"{E13D0666-822D-4DF5-B7FC-7432824CBC21}","COWP","COWP",2011,"2011-2013",2,3,8.80,7.38,0.14,11.82,"CEGL006327"
"{E21DD77C-6D26-4ADA-8D20-6EB253582879}","FODO","DONE",2016,"2016-2018",2,2,0.63,0.63,7.15885816810808e-03,0.71,"CEGL003871"
"{E24C2597-D2B0-4564-91EA-BCF7A70CD528}","CARL","CARL",2011,"2011-2013",0,0,0.00,0.00,0.00,0.00,"CEGL006286"
"{E2981954-433E-474F-A2CF-1B70C102902F}","KIMO","KIMO",2011,"2011-2013",0,0,0.00,0.00,0.00,0.00,"CEGL008431"
"{E2BFF458-D925-46E7-99FA-1A1C090215CF}","MACA","MACA",2011,"2011-2013",1,1,0.31,0.31,2.18645134630031e-03,0.21,"CEGL007795"
"{E2D5EE39-4630-4F9C-B30A-BC55D97F909B}","LIRI","LIRI",2011,"2011-2013",1,2,1.42,1.41,0.01,1.24,"CEGL007244"
"{E4481379-F927-4231-A1FE-C529D827BFEE}","FODO","HEIM",2011,"2011-2013",0,0,0.00,0.00,0.00,0.00,"CEGL007246"
"{E4744BF0-F412-4379-AD87-C943E1CB8D4C}","FODO","DONE",2016,"2016-2018",5,5,10.22,10.22,0.06,6.74,"CEGL007220"
"{E50D6456-8A2C-4284-8934-A2ADEF598932}","NISI","NISI",2011,"2011-2013",2,2,0.63,0.63,7.614942044175e-03,0.76,"CEGL008462"
"{E52F2E53-D0EF-4FC2-ACB3-A885A12E8B69}","SHIL","SHIL",2016,"2016-2018",3,3,1.74,1.74,0.01,1.57,"CEGL007795"
"{E59A2DF4-CDA2-4BE0-B504-EB840C343F86}","SHIL","SHIL",2016,"2016-2018",0,0,0.00,0.00,0.00,0.00,"CEGL007795"
"{E5B9355F-6109-481D-AFD6-1A8A4E9C2B73}","STRI","STRI",2016,"2016-2018",5,8,11.21,10.26,0.07,6.75,"CEGL007124"
"{E63CDE8F-BAD7-459B-AC64-41E7C490A8CF}","ABLI","BIRT",2011,"2011-2012",3,4,14.80,11.64,0.09,7.21,"CEGL007220"
"{E66FD8D0-30FD-4B47-AE9A-86BC3DCBA99A}","NISI","NISI",2011,"2011-2013",4,4,3.80,3.80,0.04,4.30,"CEGL007216"
"{E717401E-E291-4747-90EF-1C70AEEF2B80}","COWP","COWP",2011,"2011-2013",6,10,107.94,107.90,0.54,54.35,"CEGL007216"
"{E72C8166-A9ED-4F0A-A557-B1BBDB1115C1}","CUGA","CUGA",2011,"2011-2013",0,0,0.00,0.00,0.00,0.00,"CEGL007267"
"{E753287B-77CC-4BE8-9570-77ABB99A9B08}","STRI","STRI",2016,"2016-2018",7,15,18.70,17.40,0.16,15.33,"CEGL004697"
"{E7686172-D74C-4B00-922A-4A45CAF61BBA}","CUGA","CUGA",2016,"2016-2018",0,0,0.00,0.00,0.00,0.00,"CEGL006286"
"{E768DBCD-F612-4F61-B108-4DCEC9E049B8}","CHCH","CHIC",2011,"2011-2013",2,2,6.32,6.32,0.05,5.08,"CEGL007247"
"{E7FC0212-B422-47DC-9950-295F41C62F80}","CARL","CARL",2011,"2011-2013",0,0,0.00,0.00,0.00,0.00,"CEGL007267"
"{E940E3DA-846A-4D96-9DC5-E5F6D7932794}","NISI","NISI",2016,"2016-2018",2,2,0.32,0.32,3.01971354881354e-03,0.30,"CEGL008462"
"{E9A54BF2-AFBF-46C4-A629-98EB07BF6A6D}","ABLI","KNOB",2011,"2011-2013",3,3,1.74,1.74,0.01,1.04,"CEGL002070"
"{E9EE5E27-59DD-4949-B24E-AA81CA69859A}","SHIL","SHIL",2016,"2016-2018",1,2,0.02,0.01,1.85144256681957e-04,9.25721283409785e-03,
"{EA21F8FC-5F0D-49B5-8AC5-98707BDA0BF5}","LIRI","LIRI",2011,"2011-2013",0,0,0.00,0.00,0.00,0.00,"CEGL004539"
"{EAA9C751-EF14-4017-8A7C-BE13FA6F4623}","FODO","HEIM",2011,"2011-2013",0,0,0.00,0.00,0.00,0.00,"CEGL007881"
"{EB890CC0-01F9-4BE1-8F44-A346C4177ECD}","LIRI","LIRI",2016,"2016-2018",0,0,0.00,0.00,0.00,0.00,"CEGL008431"
"{EC143212-8640-4976-8F84-102FAA5B051B}","NISI","NISI",2011,"2011-2013",4,4,0.95,0.95,9.41125784619679e-03,0.94,"CEGL008462"
"{ED7A9735-A637-4D7B-A824-AAD52A9DC562}","COWP","COWP",2016,"2016-2018",4,5,86.77,86.45,0.51,51.75,"CEGL007216"
"{EE4A047B-F7E0-46EA-8C48-E3A5009FA704}","RUCA","RUCA",2011,"2011-2013",0,0,0.00,0.00,0.00,0.00,"CEGL008431"
"{EED5EC95-BD62-4E2B-93A6-653EA3FFA691}","CHCH","CHIC",2016,"2016-2018",4,5,37.10,37.09,0.33,33.24,"CEGL007217"
"{EF180EEB-36B1-45EC-98D5-93B1E011691C}","RUCA","RUCA",2011,"2011-2013",1,1,0.31,0.31,3.11495159665105e-03,0.31,"CEGL002070"
"{EF6F24CA-AC7C-4DBA-9997-A09440C48A13}","GUCO","GUCO",2011,"2011-2013",4,4,0.34,0.34,3.42684424084281e-03,0.34,"CEGL008475"
"{F1FD42CF-D993-4FB8-B01D-C692B066DAF1}","GUCO","GUCO",2016,"2016-2018",3,4,0.34,0.33,3.07864566837032e-03,0.29,"CEGL008475"
"{F36366D1-C1A4-4BAC-8B16-1F21036D7C8D}","CUGA","CUGA",2011,"2011-2013",0,0,0.00,0.00,0.00,0.00,"CEGL008558"
"{F389DE9A-449B-4EC3-BE98-F515564D8148}","ABLI","KNOB",2016,"2016-2018",1,1,0.01,0.01,6.81943046323208e-05,6.81943046323208e-03,"CEGL002070"
"{F38E98F3-3521-4D2B-A8BE-AAED4D2C5A4C}","MACA","MACA",2011,"2011-2013",0,0,0.00,0.00,0.00,0.00,"CEGL005022"
"{F3D777E5-BB95-441B-90F8-5FBB87DBD754}","RUCA","RUCA",2016,"2016-2018",0,0,0.00,0.00,0.00,0.00,"CEGL002070"
"{F427BCB7-8A56-4DB2-BEBE-DB0F425B795B}","CHCH","CHIC",2016,"2016-2018",5,5,3.50,3.50,0.02,2.93,"CEGL007247"
"{F42AEC6E-CC7B-46D3-B93E-924775C9F0E9}","FODO","HEIM",2016,"2016-2018",1,1,0.31,0.31,3.800258805931e-03,0.38,"CEGL007246"
"{F456BA1C-65E9-495F-AD56-03FDDF433BA7}","NISI","NISI",2016,"2016-2018",4,4,0.95,0.95,6.51701583654403e-03,0.65,"CEGL004638"
"{F461CBDF-A761-4A49-9E02-9AA077F6AE7A}","KIMO","KIMO",2016,"2016-2018",0,0,0.00,0.00,0.00,0.00,"CEGL006281"
"{F486DDC6-B068-462C-B17C-6DC193522CAA}","NISI","NISI",2016,"2016-2018",3,4,4.90,4.89,0.03,3.28,"CEGL008462"
"{F4E48F2E-7F9E-46E1-9A10-15B5AF8A4009}","FODO","DONE",2011,"2011-2013",5,5,3.16,3.16,0.02,2.22,"CEGL007124"
"{F511AC79-ECB4-47D7-9CAF-BF7A1CDBD7E9}","ABLI","KNOB",2016,"2016-2018",3,3,0.64,0.64,3.84675063438591e-03,0.38,"CEGL005018"
"{F51D26E2-DEE1-4DFE-BE7B-81C7E6187B3F}","FODO","DONE",2016,"2016-2018",3,3,1.74,1.74,0.01,1.22,"CEGL007246"
"{F5526FA0-7145-4EF5-9461-E75C79151FD0}","SHIL","SHIL",2016,"2016-2018",1,1,0.31,0.31,2.3940524676005e-03,0.23,"CEGL007881"
"{F59A6286-4163-42F7-AC49-4B06BD94DAC0}","FODO","HEIM",2016,"2016-2018",0,0,0.00,0.00,0.00,0.00,"CEGL007246"
"{F6BDC2EC-7322-4400-BE88-BB157289FF2D}","CHCH","LOOK",2011,"2011-2014",0,0,0.00,0.00,0.00,0.00,"CEGL007700"
"{F6C1E0C4-F1F5-4777-A024-E5A3BFB15F09}","RUCA","RUCA",2016,"2016-2018",0,0,0.00,0.00,0.00,0.00,"CEGL007233"
"{F6DC30AA-D0FA-4900-A92A-7293BB81CD3F}","ABLI","BIRT",2011,"2011-2012",8,11,10.44,8.70,0.08,7.02,"CEGL007220"
"{F6E23E95-C948-44BD-B973-652AB9ABC23C}","KIMO","KIMO",2016,"2016-2018",1,1,0.01,0.01,1.15425018938794e-04,0.01,"CEGL007221"
"{F7FCB886-B91C-4F7B-82ED-52B9DB598399}","STRI","STRI",2011,"2011-2013",3,3,10.24,10.24,0.08,8.30,"CEGL007124"
"{F819FE9C-51C2-4447-92DC-68575DAFAF78}","KIMO","KIMO",2016,"2016-2018",0,0,0.00,0.00,0.00,0.00,"CEGL007244"
"{F915E314-B564-4744-A77A-28A9E89D37F6}","NISI","NISI",2011,"2011-2013",3,3,0.64,0.64,6.74205860203122e-03,0.67,"CEGL008462"
"{F92F8D79-5DE5-4A9C-A4DD-5B0A3A4665BC}","CHCH","LOOK",2011,"2011-2014",6,6,10.88,10.88,0.06,6.44,"CEGL007700"
"{F96D9494-06AF-4556-8389-B5D37DA9B896}","MACA","MACA",2011,"2011-2013",3,3,0.03,0.03,1.97481054681346e-04,0.01,"CEGL004133"
"{F970C67A-850D-4C4B-9CFD-4E6609FE24A5}","LIRI","LIRI",2011,"2011-2013",2,2,7.38,7.38,0.05,5.23,"CEGL002591"
"{FA1F5CCC-A766-4ABA-9544-2FF0A5B43242}","COWP","COWP",2011,"2011-2013",3,3,1.74,1.74,0.02,2.10,"CEGL004418"
"{FA36A62C-0672-467F-B0E4-0E584AC53865}","GUCO","GUCO",2011,"2011-2013",5,5,1.27,1.27,0.01,1.43,"CEGL008475"
"{FC1E9A3B-D32C-4C38-A6C0-90875E40AC7D}","STRI","STRI",2011,"2011-2013",4,5,3.81,3.80,0.06,6.42,"CEGL003938"
"{FC500F00-989C-407A-B534-89CB28A3A060}","MACA","MACA",2011,"2011-2013",1,1,1.41,1.41,0.01,1.61,"CEGL007795"
"{FF57E27B-5440-4D4D-AE1A-1AD32B14DC6B}","CARL","CARL",2016,"2016-2018",0,0,0.00,0.00,0.00,0.00,"CEGL006271"
"{FF7BDB43-58FA-40ED-9EB3-E318785F372D}","CARL","CARL",2016,"2016-2018",0,0,0.00,0.00,0.00,0.00,"CEGL006286"
"{00EC8F9E-87B1-4D7D-98D9-B2257A7AC635}","STRI","STRI",2016,"2016-2018",6,11,10.07,9.75,0.04,4.43,"CEGL007124"
"{0ABB9526-8BAF-4F34-88D8-2E1586EAA413}","KIMO","KIMO",2016,"2016-2018",0,0,0.00,0.00,0.00,0.00,"CEGL006281"
"{15A20995-8462-4A25-BB71-07F52F1C26F3}","GUCO","GUCO",2016,"2016-2018",9,13,4.90,3.47,0.03,2.80,"CEGL002591"
"{1AC00714-E7A7-4C15-A40E-09161B830B4A}","FODO","HEIM",2016,"2016-2018",2,2,0.63,0.63,5.34038171541639e-03,0.53,"CEGL007334"
"{26AB21CA-7159-4A58-B8AE-421C28F1CFA6}","CUGA","CUGA",2016,"2016-2018",2,2,0.31,0.31,2.11123088413481e-03,0.21,"CEGL007692"
"{27737D6D-8416-49C6-882B-703ECC829B7A}","COWP","COWP",2016,"2016-2018",2,4,3.15,1.73,0.02,1.33,"CEGL006327"
"{27F4CAB1-671F-4486-8D1E-654CDE068E32}","LIRI","LIRI",2016,"2016-2018",0,0,0.00,0.00,0.00,0.00,"CEGL007244"
"{2DD04887-4ABE-4C58-9D88-7BCC5DE5C361}","SHIL","SHIL",2016,"2016-2018",0,0,0.00,0.00,0.00,0.00,"CEGL007881"
"{31D0561E-AEEE-4321-8827-20B8FCD4E595}","GUCO","GUCO",2016,"2016-2018",7,10,7.92,4.44,0.05,2.85,"CEGL008462"
"{3492E51B-0BD7-47F8-B804-0B78D8CF3FE4}","FODO","HEIM",2016,"2016-2018",0,0,0.00,0.00,0.00,0.00,"CEGL007246"
"{35F678BC-356B-4BCF-BAB6-C6B24F1A7092}","STRI","STRI",2016,"2016-2018",6,14,6.93,6.62,0.03,3.36,"CEGL004697"
"{372B1B8E-ECAB-4DB1-8F81-88220DA3F0B1}","NISI","NISI",2016,"2016-2018",4,4,4.11,4.11,0.03,3.43,"CEGL008487"
"{3AF48A6B-EC7F-49C8-A2C3-C51D688C5579}","SHIL","SHIL",2016,"2016-2018",3,3,0.33,0.33,2.75767571866123e-03,0.27,"CEGL007795"
"{3BDE5527-3A01-4E2B-9717-507FF1D5F4ED}","CUGA","CUGA",2016,"2016-2018",0,0,0.00,0.00,0.00,0.00,"CEGL006192"
"{3C077DA0-552A-4CB6-8E4D-822B7035AA08}","NISI","NISI",2016,"2016-2018",4,5,1.27,0.95,0.01,0.79,"CEGL008462"
"{3EDFB809-AC40-4AEB-BA21-49C968F5ADAC}","NISI","NISI",2016,"2016-2018",3,3,98.10,98.10,0.48,48.60,"CEGL008487"
"{3F3078FB-0625-4759-A17A-73CE66A75F6A}","KIMO","KIMO",2016,"2016-2018",0,0,0.00,0.00,0.00,0.00,"CEGL007244"
"{44150E16-A069-46E8-A22B-70C078F06118}","CUGA","CUGA",2016,"2016-2018",0,0,0.00,0.00,0.00,0.00,"CEGL007692"
"{45724A33-BB2D-44EF-A2D1-AA9F3EBFEA3F}","CARL","CARL",2016,"2016-2018",2,4,1.26,0.63,5.56953725366744e-03,0.27,"CEGL007230"
"{471C7AB8-27FD-4597-B14D-F7EB3A4107C2}","LIRI","LIRI",2016,"2016-2018",3,3,8.49,8.49,0.06,6.07,"CEGL002591"
"{5457B2BD-C727-4DF8-A554-EA9DCA4DBB97}","CUGA","CUGA",2016,"2016-2018",1,1,0.00,0.00,0.00,0.00,"CEGL007220"
"{582A66A9-487B-4938-95B9-7D3BDE621165}","FODO","HEIM",2016,"2016-2018",0,0,0.00,0.00,0.00,0.00,"CEGL007246"
"{59FBE7A6-D85F-4659-967E-C88F8682058B}","KIMO","KIMO",2016,"2016-2018",0,0,0.00,0.00,0.00,0.00,"CEGL006281"
"{5AF169D1-8EDB-48CD-B8BD-C0F3DAD2D65D}","LIRI","LIRI",2016,"2016-2018",0,1,0.00,0.00,0.00,0.00,"CEGL007493"
"{5C353F54-8900-442D-9811-8F4336F18949}","KIMO","KIMO",2016,"2016-2018",1,1,0.01,0.01,9.07873788153438e-05,9.07873788153439e-03,"CEGL008462"
"{5D12A1F3-1EAB-4AB0-B1B1-2097ADDAB77E}","KIMO","KIMO",2016,"2016-2018",0,0,0.00,0.00,0.00,0.00,"CEGL008475"
"{5EDBE68E-12A1-4F86-8FF1-ED352871CC38}","CUGA","CUGA",2016,"2016-2018",0,0,0.00,0.00,0.00,0.00,"CEGL006271"
"{60CBDF47-7879-4E16-91D8-07EB9311F5A0}","CHCH","CHIC",2016,"2016-2018",4,4,1.74,1.74,0.01,1.48,"CEGL007247"
"{6364B91E-FA45-4C34-B2D8-2CFF32D0F602}","CHCH","LOOK",2016,"2016-2018",3,3,0.33,0.33,2.06615066708338e-03,0.20,"CEGL008430"
"{69530187-9E48-4FDC-93F2-0FCA0341534A}","SHIL","SHIL",2016,"2016-2018",1,1,0.00,0.00,0.00,0.00,"CEGL002431"
"{7133D28F-39CF-44DE-BADC-267A2AC7AAE4}","CARL","CARL",2016,"2016-2018",0,0,0.00,0.00,0.00,0.00,"CEGL007267"
"{714D71F5-67C0-4370-8DF6-8231D6B73AFB}","CUGA","CUGA",2016,"2016-2018",0,0,0.00,0.00,0.00,0.00,"CEGL007296"
"{733A7AF1-FCFD-43F3-B448-763D836DFAC5}","CUGA","CUGA",2016,"2016-2018",0,0,0.00,0.00,0.00,0.00,"CEGL006271"
"{763D28E8-501F-4EBC-8D54-03A762DF0E0D}","FODO","DONE",2016,"2016-2018",6,6,7.27,7.27,0.04,4.55,"CEGL002070"
"{766B23D0-1C54-4B8C-987F-4824F353FF42}","CUGA","CUGA",2016,"2016-2018",0,0,0.00,0.00,0.00,0.00,"CEGL007267"
"{7832D0D7-D746-4481-B426-12B3F1476983}","LIRI","LIRI",2016,"2016-2018",0,0,0.00,0.00,0.00,0.00,"CEGL008431"
"{794E5CC3-7C7D-47F5-809B-5B349CB0F39B}","STRI","STRI",2016,"2016-2018",9,13,29.20,29.19,0.14,14.78,"CEGL003876"
"{7A6BA253-F97A-4F7F-B17E-9A7506FAE27F}","CARL","CARL",2016,"2016-2018",0,0,0.00,0.00,0.00,0.00,"CEGL006286"
"{8463C8B8-60D4-4564-8BF0-404ABB518BC5}","CHCH","CHIC",2016,"2016-2018",5,6,2.68,2.67,0.01,1.76,"CEGL007699"
"{8C88E09E-F4A6-405A-944B-E8B50A4BB034}","LIRI","LIRI",2016,"2016-2018",0,0,0.00,0.00,0.00,0.00,"CEGL004539"
"{90E2E1DF-F77D-454F-AC29-08103FD58862}","COWP","COWP",2016,"2016-2018",6,7,8.03,8.03,0.06,6.65,"CEGL006011"
"{922A2D37-4252-4A0C-AC0F-B47DEAB575F4}","GUCO","GUCO",2016,"2016-2018",8,17,89.97,87.88,0.39,38.88,"CEGL007221"
"{9329F5DA-998E-41B5-9E5F-278DC644DDDD}","COWP","COWP",2016,"2016-2018",7,11,102.29,101.98,0.39,39.42,"CEGL007216"
"{93DBB9F0-04B3-4C09-BCDA-E5267C2A37F4}","RUCA","RUCA",2016,"2016-2018",0,0,0.00,0.00,0.00,0.00,"CEGL007268"
"{95E34098-42F9-4B26-9474-C685F2B3941C}","COWP","COWP",2016,"2016-2018",3,3,7.09,7.09,0.04,4.17,"CEGL004638"
"{971C4EFE-C6A9-42AC-824F-B1B522B92C8D}","SHIL","SHIL",2016,"2016-2018",1,1,0.00,0.00,0.00,0.00,"CEGL007246"
"{9C432CA2-9088-402B-8D6C-BFF0D0741707}","LIRI","LIRI",2016,"2016-2018",0,0,0.00,0.00,0.00,0.00,"CEGL007244"
"{9C749BBD-761D-42EC-BC12-1BDDFF9194E3}","CHCH","CHIC",2016,"2016-2018",10,11,103.73,103.42,0.61,60.96,"CEGL003807"
"{A0044F60-F996-44C9-898C-E5077558BB14}","FODO","HEIM",2016,"2016-2018",1,1,0.01,0.01,6.83475608539489e-05,6.83475608539489e-03,"CEGL007246"
"{A3AAF26D-1420-428F-BC29-381EEF7568C7}","CHCH","LOOK",2016,"2016-2018",5,6,0.66,0.66,3.62172151992718e-03,0.36,"CEGL007231"
"{AA65F366-849A-489F-9900-2DE65415D1BD}","KIMO","KIMO",2016,"2016-2018",0,0,0.00,0.00,0.00,0.00,"CEGL008431"
"{ABFD6750-9D32-48E0-B822-F74EC71E23E1}","LIRI","LIRI",2016,"2016-2018",1,2,0.01,0.00,6.82122261055329e-05,0.00,"CEGL008430"
"{AF6FFCA5-2B4E-4CF8-9B22-F55EAE0F2110}","CHCH","CHIC",2016,"2016-2018",4,5,0.66,0.65,6.44421437824253e-03,0.63,"CEGL007247"
"{B7962979-3242-4AFE-97CB-782A6D53DA52}","RUCA","RUCA",2016,"2016-2018",1,1,0.31,0.31,2.25111544728857e-03,0.22,"CEGL002070"
"{BBF919F0-6508-4A0F-89B8-0F4803FCB30E}","FODO","DONE",2016,"2016-2018",7,7,4.09,4.09,0.02,2.23,"CEGL007124"
"{BEC63B03-0DC0-41BA-B175-A9F22843497D}","FODO","DONE",2016,"2016-2018",2,2,0.00,0.00,0.00,0.00,"CEGL002070"
"{BFBA1CEE-362C-47E9-BD7E-9BB5140B80B2}","RUCA","RUCA",2016,"2016-2018",0,0,0.00,0.00,0.00,0.00,"CEGL007268"
"{C54AFE2F-27FC-4283-8861-BBBD5ACE0D28}","NISI","NISI",2016,"2016-2018",6,6,4.43,4.43,0.03,3.24,"CEGL007216"
"{C6027111-00DF-49D0-A152-AC77BB6B7720}","KIMO","KIMO",2016,"2016-2018",0,0,0.00,0.00,0.00,0.00,"CEGL008431"
"{CCEEA277-1D95-40B5-9E9A-CD605E9B6A3E}","FODO","DONE",2016,"2016-2018",6,6,10.23,10.23,0.07,7.96,"CEGL007105"
"{D926D639-E5FD-4953-BC11-BE054A01BF6F}","CHCH","LOOK",2016,"2016-2018",1,1,0.01,0.01,7.15665671646375e-05,7.15665671646375e-03,"CEGL007700"
"{DE280382-EBD7-42AB-8AF5-C46728E337C2}","KIMO","KIMO",2016,"2016-2018",0,0,0.00,0.00,0.00,0.00,"CEGL008431"
"{DEF2C3C7-1AEA-4460-9249-24391992DEDD}","CHCH","LOOK",2016,"2016-2018",1,2,0.02,0.01,1.49060294232119e-04,7.45301471160595e-03,"CEGL007700"
"{E3110184-94F1-4AEA-B73D-045BFB66F685}","RUCA","RUCA",2016,"2016-2018",2,3,0.94,0.63,9.3912902261147e-03,0.62,"CEGL008442"
"{E359C72F-C8CD-4D7F-8251-85D520AD5E01}","STRI","STRI",2016,"2016-2018",7,7,3.16,3.16,0.01,1.97,"CEGL007808"
"{F413C0B5-A2BD-4783-B609-29C2CD5EEBF3}","GUCO","GUCO",2016,"2016-2018",4,5,0.95,0.64,4.74465849942367e-03,0.31,"CEGL007244"
"{F707CDCB-F4CC-4010-88DB-759C9384B4DA}","CARL","CARL",2016,"2016-2018",0,0,0.00,0.00,0.00,0.00,"CEGL007267"
"{FA21D78D-81E2-4E73-8A60-250AE440CD1B}","SHIL","SHIL",2016,"2016-2018",0,0,0.00,0.00,0.00,0.00,"CEGL007244"
"{FFB3DEED-7EA2-4FEE-B156-50135D01C7D1}","LIRI","LIRI",2016,"2016-2018",0,0,0.00,0.00,0.00,0.00,"CEGL008430"
"{01007FBB-D555-4E5D-813B-85EE4BF08EB1}","ABLI","KNOB",2016,"2016-2018",3,4,0.94,0.63,6.14448118146789e-03,0.40,"CEGL002070"
"{2D6E5613-BCE7-4CC0-BB46-7A2FE81E6591}","MACA","MACA",2016,"2016-2018",4,4,1.75,1.75,0.01,1.36,"CEGL007124"
"{33FB4236-E3D6-49A1-8011-DFB2FD006ACB}","MACA","MACA",2016,"2016-2018",3,4,0.65,0.33,6.10164005747171e-03,0.31,"CEGL007795"
"{524F9374-EAB7-43B1-9557-59C726D7902A}","MACA","MACA",2016,"2016-2018",2,2,1.42,1.42,9.7154317396134e-03,0.97,"CEGL007795"
"{6268383E-74D6-4C1E-8827-724C6BFEEFBB}","MACA","MACA",2016,"2016-2018",0,0,0.00,0.00,0.00,0.00,"CEGL005022"
"{634C4DD4-2E7C-4D92-8017-7CBEC27FDEE4}","MACA","MACA",2016,"2016-2018",3,3,16.13,16.13,0.18,18.28,"CEGL005018"
"{687D6C8B-6049-4DD3-A6D7-C6688E6EAD93}","MACA","MACA",2016,"2016-2018",2,2,1.73,1.73,0.01,1.01,"CEGL007795"
"{82AB33B3-E689-4CE2-BD7D-933A3D152372}","MACA","MACA",2016,"2016-2018",4,5,0.96,0.95,5.34967060918045e-03,0.52,"CEGL008442"
"{8325DE88-E8EB-44F5-A557-A457DBB04771}","MACA","MACA",2016,"2016-2018",4,4,0.65,0.65,4.18822552435555e-03,0.41,"CEGL004133"
"{B4183371-A38C-4227-A1DA-0E7F7800807E}","MACA","MACA",2016,"2016-2018",3,4,0.65,0.64,4.19188354194147e-03,0.41,"CEGL002070"
"{B53DB6D2-3C06-4548-A607-98EDA80D0D9A}","MACA","MACA",2016,"2016-2018",2,2,0.02,0.02,8.67341991724587e-05,8.67341991724587e-03,"CEGL008442"
"{D71D7F32-49C3-4836-8738-47FBCB1AB699}","ABLI","KNOB",2016,"2016-2018",5,5,4.60,4.60,0.02,2.88,"CEGL002070"
"{DE82D1BB-21E8-4269-BA5F-A4F0E93A5682}","ABLI","KNOB",2016,"2016-2018",2,2,0.63,0.63,4.28245555577018e-03,0.42,"CEGL002411"
"{F01FE8B2-F7A6-4BF2-BF86-6BF7467FF77B}","ABLI","KNOB",2016,"2016-2018",3,3,0.02,0.02,1.13746857685827e-04,0.01,"CEGL002070"
"{FA93C624-5E79-4886-8980-5FB6CA04C389}","MACA","MACA",2016,"2016-2018",2,3,6.64,3.47,0.03,1.91,"CEGL002411"
"{FF4F5618-81F9-4975-9631-710AEAD8D1F5}","MACA","MACA",2016,"2016-2018",3,3,1.73,1.73,0.01,1.21,"CEGL005131"
"{05D39053-2164-4750-8992-F19EE0BFDB77}","SHIL","SHIL",2016,"2016-2018",5,5,65.83,65.83,0.33,33.12,"CEGL007216"
"{1636B831-62A4-4695-B5FE-95B0B0057621}","NISI","NISI",2016,"2016-2018",4,7,86.00,85.35,0.44,43.69,"CEGL008487"
"{63BE1D5D-21E2-4ACA-835A-7E10B534C9FD}","SHIL","SHIL",2016,"2016-2018",1,1,0.00,0.00,0.00,0.00,"CEGL007795"
"{827E64E1-B0F8-48F8-864E-7E78FE43BB1D}","SHIL","SHIL",2016,"2016-2018",1,1,0.31,0.31,1.95378074840112e-03,0.19,"CEGL007244"
